{"stats":{"minecraft:mined":{"minecraft:spruce_planks":3,"minecraft:white_bed":1,"minecraft:oak_sapling":1,"minecraft:mossy_cobblestone":24,"minecraft:cobblestone_stairs":1,"minecraft:glow_lichen":1,"minecraft:allium":1,"minecraft:grass_block":13,"minecraft:decorated_pot":10,"travelersbackpack:iron":4,"minecraft:spawner":6,"minecraft:smooth_stone":1,"minecraft:hay_block":13,"minecraft:mossy_cobblestone_slab":2,"minecraft:carrots":4,"minecraft:iron_ore":6,"minecraft:fire":32,"minecraft:andesite":21,"mythicmetals:tin_ore":8,"minecraft:stripped_spruce_log":2,"minecraft:azure_bluet":2,"minecraft:bookshelf":6,"minecraft:potatoes":4,"minecraft:vine":2,"minecraft:lantern":2,"minecraft:stripped_oak_log":6,"minecraft:bamboo":4,"minecraft:stone":162,"minecraft:brown_mushroom":2,"minecraft:cyan_terracotta":3,"minecraft:polished_granite":19,"minecraft:crafting_table":2,"minecraft:cornflower":1,"minecraft:short_grass":39,"minecraft:polished_andesite_stairs":1,"minecraft:chest":1,"minecraft:tall_grass":2,"minecraft:cobblestone":59,"minecraft:wall_torch":2,"minecraft:birch_sapling":1,"minecraft:pink_petals":1,"minecraft:coarse_dirt":29,"minecraft:wheat":3,"minecraft:birch_log":2,"minecraft:sweet_berry_bush":20,"minecraft:spruce_log":19,"minecraft:birch_leaves":1,"minecraft:smooth_stone_slab":13,"minecraft:oak_log":1,"minecraft:coal_ore":8,"minecraft:beetroots":1,"minecraft:sand":84,"minecraft:gravel":17,"minecraft:dirt":68,"minecraft:cobweb":1,"minecraft:cracked_stone_bricks":7,"minecraft:stone_bricks":4,"minecraft:polished_andesite":4,"minecraft:mossy_stone_bricks":14,"minecraft:fern":1,"minecraft:suspicious_gravel":6},"minecraft:dropped":{"minecraft:iron_ingot":15,"minecraft:bread":5,"minecraft:stripped_spruce_log":1,"minecraft:wheat_seeds":6,"mythicmetals:raw_tin":11,"minecraft:cooked_beef":2,"minecraft:diamond":3,"minecraft:cooked_porkchop":10,"soulsweapons:bluemoon_greatsword":1,"minecraft:grass_block":1,"minecraft:coal":1,"minecraft:stick":3,"minecraft:emerald":3,"minecraft:dirt":6,"minecraft:iron_pickaxe":3,"minecraft:white_wool":1,"minecraft:spruce_sapling":9,"minecraft:redstone":2,"minecraft:bone":6,"minecraft:gravel":13,"minecraft:stone_axe":1,"minecraft:sweet_berries":16,"minecraft:coarse_dirt":26,"minecraft:stone_sword":2,"minecraft:smooth_stone_slab":11,"minecraft:raw_iron":2,"minecraft:cherry_sapling":2,"minecraft:beetroot":8,"minecraft:rotten_flesh":4,"minecraft:hay_block":13,"minecraft:gunpowder":5,"minecraft:spruce_planks":38,"minecraft:oak_sapling":2,"weaponworks:iron_greatsword":1,"minecraft:beef":11},"minecraft:picked_up":{"minecraft:coarse_dirt":44,"minecraft:crafting_table":2,"minecraft:allium":2,"minecraft:azure_bluet":3,"minecraft:brown_mushroom":1,"minecraft:brick":4,"minecraft:cornflower":1,"minecraft:smooth_stone_slab":11,"minecraft:beetroot":12,"minecraft:cracked_stone_bricks":7,"minecraft:spruce_planks":41,"minecraft:beef":50,"minecraft:iron_pickaxe":2,"minecraft:chest":1,"minecraft:birch_sapling":1,"minecraft:raw_iron":22,"minecraft:stick":34,"minecraft:sandstone":7,"minecraft:torch":6,"minecraft:acacia_log":12,"minecraft:porkchop":14,"minecraft:golden_axe":1,"mythicmetals:raw_tin":11,"minecraft:carrot":12,"minecraft:redstone":4,"travelersbackpack:iron":5,"minecraft:stone_sword":2,"minecraft:arrow":27,"minecraft:rotten_flesh":34,"minecraft:beetroot_seeds":1,"minecraft:decorated_pot":3,"minecraft:hay_block":26,"minecraft:cyan_terracotta":3,"soulsweapons:bluemoon_greatsword":1,"minecraft:mutton":35,"minecraft:white_wool":20,"minecraft:cobblestone":219,"minecraft:stripped_oak_log":6,"minecraft:birch_log":16,"minecraft:pink_petals":3,"minecraft:cooked_beef":2,"minecraft:andesite":24,"minecraft:leather":18,"minecraft:potato":7,"weaponworks:iron_greatsword":1,"minecraft:flint":1,"minecraft:oak_log":63,"minecraft:gunpowder":5,"hybrid-aquatic:dungeness_crab_claw":1,"minecraft:dirt":86,"minecraft:lantern":2,"minecraft:polished_granite":19,"minecraft:name_tag":1,"minecraft:bone":20,"minecraft:apple":4,"minecraft:stone_bricks":4,"minecraft:wheat_seeds":6,"minecraft:iron_ingot":19,"minecraft:mossy_stone_bricks":14,"minecraft:bamboo":35,"minecraft:acacia_sapling":1,"minecraft:polished_andesite_stairs":1,"minecraft:book":18,"minecraft:cooked_porkchop":10,"minecraft:sweet_berries":69,"minecraft:sand":84,"minecraft:gravel":33,"minecraft:stripped_spruce_log":2,"minecraft:spruce_sapling":9,"minecraft:spruce_log":51,"minecraft:white_bed":1,"minecraft:grass_block":1,"minecraft:mossy_cobblestone":23,"minecraft:polished_andesite":4,"minecraft:diamond":3,"minecraft:stone_axe":1,"minecraft:cherry_sapling":2,"minecraft:gray_wool":1,"minecraft:emerald":5,"minecraft:bread":5,"minecraft:baked_potato":2,"minecraft:oak_sapling":17,"minecraft:coal":77,"minecraft:ender_pearl":1},"minecraft:used":{"minecraft:beetroot":4,"minecraft:stone_sword":43,"minecraft:iron_shovel":209,"minecraft:chest":5,"minecraft:spruce_planks":74,"minecraft:iron_sword":36,"minecraft:stone_hoe":84,"minecraft:iron_chestplate":3,"weaponworks:iron_greatsword":166,"minecraft:torch":59,"minecraft:dirt":80,"minecraft:carrot":16,"travelersbackpack:iron":2,"minecraft:azure_bluet":2,"minecraft:iron_hoe":79,"minecraft:lantern":6,"minecraft:iron_helmet":5,"minecraft:iron_boots":3,"minecraft:bamboo":6,"minecraft:sweet_berries":53,"minecraft:furnace":2,"minecraft:beetroot_seeds":1,"minecraft:potato":43,"minecraft:cooked_beef":18,"minecraft:acacia_planks":27,"minecraft:iron_leggings":3,"minecraft:golden_axe":7,"minecraft:cooked_mutton":1,"minecraft:water_bucket":13,"weaponworks:stone_greatsword":18,"minecraft:stone_pickaxe":167,"minecraft:baked_potato":1,"minecraft:wooden_pickaxe":24,"minecraft:brown_mushroom":1,"minecraft:diamond_axe":24,"minecraft:golden_apple":1,"minecraft:sand":1,"minecraft:crafting_table":7,"minecraft:white_bed":2,"minecraft:spruce_log":4,"minecraft:oak_log":2,"minecraft:diamond_pickaxe":133,"minecraft:apple":2,"minecraft:map":1,"minecraft:bread":37,"minecraft:iron_pickaxe":54,"minecraft:gravel":9,"minecraft:stone_axe":42,"minecraft:cobblestone":91,"minecraft:cooked_porkchop":4,"minecraft:bucket":13,"minecraft:andesite":2,"minecraft:birch_log":2,"minecraft:oak_hanging_sign":1,"minecraft:coarse_dirt":17,"minecraft:gray_wool":1,"minecraft:bone_meal":15},"minecraft:broken":{"minecraft:stone_pickaxe":1,"minecraft:golden_axe":1},"minecraft:custom":{"minecraft:mob_kills":125,"minecraft:interact_with_crafting_table":49,"minecraft:leave_game":2,"minecraft:time_since_death":3893,"minecraft:climb_one_cm":5217,"minecraft:sprint_one_cm":541021,"minecraft:walk_one_cm":373274,"minecraft:drop":67,"minecraft:talked_to_villager":1,"minecraft:play_time":169801,"minecraft:deaths":21,"minecraft:sneak_time":6667,"minecraft:walk_under_water_one_cm":2665,"minecraft:jump":4240,"minecraft:walk_on_water_one_cm":10632,"minecraft:total_world_time":169801,"minecraft:interact_with_furnace":38,"minecraft:sleep_in_bed":6,"minecraft:time_since_rest":3934,"minecraft:waystone_activated":2,"minecraft:damage_absorbed":40,"minecraft:damage_taken":9354,"minecraft:damage_dealt":19340,"minecraft:swim_one_cm":24881,"minecraft:fly_one_cm":916992,"minecraft:open_chest":86,"minecraft:crouch_one_cm":17192,"minecraft:fall_one_cm":129820},"minecraft:killed_by":{"minecraft:creeper":1,"minecraft:pillager":4,"minecraft:enderman":3,"minecraft:skeleton":8,"minecraft:zombie":2},"minecraft:killed":{"minecraft:witch":2,"minecraft:spider":3,"minecraft:horse":2,"minecraft:skeleton":14,"minecraft:pig":11,"minecraft:iron_golem":1,"minecraft:creeper":1,"minecraft:sheep":25,"minecraft:pillager":4,"hybrid-aquatic:dungeness_crab":1,"minecraft:zombie":30,"friendsandfoes:moobloom":5,"minecraft:enderman":2,"minecraft:cow":14},"minecraft:crafted":{"minecraft:oak_planks":148,"minecraft:iron_nugget":9,"minecraft:chain":2,"weaponworks:stone_greatsword":1,"minecraft:furnace":2,"minecraft:oak_hanging_sign":6,"minecraft:bone_meal":15,"minecraft:cooked_mutton":26,"minecraft:iron_boots":1,"minecraft:iron_hoe":1,"minecraft:stone_pickaxe":2,"minecraft:chest":8,"minecraft:stone_hoe":1,"minecraft:wheat":117,"minecraft:cooked_beef":39,"minecraft:cooked_porkchop":14,"minecraft:crafting_table":5,"minecraft:spruce_planks":188,"minecraft:wooden_pickaxe":1,"weaponworks:iron_greatsword":1,"minecraft:bucket":1,"minecraft:birch_planks":20,"minecraft:stone_axe":1,"minecraft:bread":41,"minecraft:air":0,"minecraft:iron_chestplate":1,"minecraft:charcoal":9,"minecraft:diamond_pickaxe":1,"minecraft:stick":20,"minecraft:iron_ingot":20,"minecraft:iron_pickaxe":1,"minecraft:stone_sword":1,"minecraft:iron_shovel":1,"minecraft:iron_leggings":1,"minecraft:white_bed":1,"minecraft:acacia_planks":48,"minecraft:torch":60}},"DataVersion":3700}