{"stats":{"minecraft:killed_by":{"minecraft:player":6,"minecraft:stray":1,"minecraft:creeper":3,"minecraft:drowned":7,"minecraft:skeleton":5},"minecraft:custom":{"minecraft:mob_kills":63,"minecraft:interact_with_crafting_table":50,"minecraft:open_barrel":9,"minecraft:leave_game":2,"minecraft:time_since_death":1077,"minecraft:climb_one_cm":1060,"minecraft:sprint_one_cm":189174,"minecraft:walk_one_cm":767479,"minecraft:drop":64,"minecraft:play_time":215378,"minecraft:sneak_time":4320,"minecraft:deaths":29,"minecraft:walk_under_water_one_cm":458511,"minecraft:boat_one_cm":24903,"minecraft:jump":2220,"minecraft:interact_with_brewingstand":7,"minecraft:walk_on_water_one_cm":31252,"minecraft:total_world_time":215378,"minecraft:interact_with_furnace":21,"minecraft:time_since_rest":1253,"minecraft:damage_taken":9182,"minecraft:damage_dealt":12158,"minecraft:swim_one_cm":147197,"minecraft:fly_one_cm":54808,"minecraft:open_chest":24,"minecraft:crouch_one_cm":2731,"minecraft:fall_one_cm":34450},"minecraft:used":{"minecraft:stone_sword":40,"minecraft:stone_shovel":29,"minecraft:rotten_flesh":2,"minecraft:torch":9,"minecraft:mutton":6,"minecraft:glass":9,"minecraft:spruce_boat":2,"minecraft:wooden_axe":2,"minecraft:bow":7,"minecraft:egg":1,"weaponworks:stone_hammer":93,"minecraft:cooked_beef":5,"minecraft:cooked_mutton":2,"minecraft:rabbit":1,"minecraft:bundle":1,"minecraft:stone_pickaxe":78,"minecraft:glow_berries":2,"minecraft:sand":27,"minecraft:spruce_log":5,"hybrid-aquatic:raw_fish_meat":1,"minecraft:flower_pot":1,"minecraft:bread":13,"minecraft:iron_pickaxe":191,"hybrid-aquatic:lionfish":1,"minecraft:stone_axe":6,"minecraft:potion":1,"minecraft:diamond_sword":78,"minecraft:fishing_rod":29,"minecraft:cooked_porkchop":1,"minecraft:porkchop":1,"minecraft:sea_pickle":3},"minecraft:mined":{"minecraft:deepslate_diamond_ore":2,"minecraft:glow_lichen":3,"minecraft:cave_vines_plant":1,"mythicmetals:silver_ore":9,"minecraft:spruce_fence":1,"minecraft:grass_block":1,"minecraft:spruce_leaves":1,"minecraft:frosted_ice":1,"minecraft:moss_block":2,"minecraft:sandstone":88,"minecraft:large_fern":10,"mythicmetals:quadrillum_ore":5,"minecraft:spruce_sapling":2,"minecraft:andesite":10,"mythicmetals:tin_ore":4,"minecraft:deepslate_lapis_ore":1,"minecraft:deepslate_iron_ore":1,"minecraft:packed_ice":10,"minecraft:stone":54,"minecraft:deepslate_redstone_ore":3,"soulsweapons:verglas_ore_deepslate":1,"coffins:coffin":4,"minecraft:crafting_table":1,"minecraft:short_grass":6,"minecraft:rose_bush":1,"minecraft:cobblestone":7,"minecraft:tall_grass":1,"minecraft:copper_ore":4,"minecraft:lapis_ore":1,"minecraft:oak_planks":1,"minecraft:sea_pickle":4,"minecraft:ice":5,"minecraft:spruce_log":13,"minecraft:coal_ore":2,"minecraft:flower_pot":1,"minecraft:dirt":2,"minecraft:sand":36,"minecraft:cobweb":2,"mythicmetals:banglum_ore":4,"minecraft:deepslate":2,"soulsweapons:verglas_ore":1},"minecraft:killed":{"minecraft:cave_spider":5,"minecraft:witch":1,"minecraft:spider":5,"hybrid-aquatic:frilled_shark":1,"minecraft:phantom":1,"minecraft:skeleton":6,"minecraft:fox":1,"minecraft:chicken":1,"minecraft:llama":1,"minecraft:drowned":12,"minecraft:pig":1,"minecraft:zombie_villager":1,"minecraft:rabbit":1,"hybrid-aquatic:ratfish":1,"minecraft:frog":1,"minecraft:creeper":3,"hybrid-aquatic:ghost_crab":1,"minecraft:sheep":6,"minecraft:zombie":11,"minecraft:cow":1},"minecraft:broken":{"minecraft:stone_pickaxe":1,"minecraft:wooden_axe":1},"minecraft:crafted":{"minecraft:stone_shovel":1,"minecraft:fishing_rod":1,"minecraft:cooked_mutton":3,"minecraft:glass":9,"hybrid-aquatic:diving_boots":1,"minecraft:spruce_wood":27,"minecraft:stone_pickaxe":2,"minecraft:diamond_sword":1,"minecraft:spruce_planks":104,"minecraft:copper_ingot":83,"minecraft:stone_axe":2,"minecraft:stick":24,"minecraft:iron_ingot":5,"minecraft:iron_pickaxe":1,"minecraft:stone_sword":2},"minecraft:picked_up":{"minecraft:wooden_axe":1,"minecraft:fishing_rod":3,"minecraft:crafting_table":1,"minecraft:chicken":1,"minecraft:flower_pot":1,"hybrid-aquatic:lionfish":2,"minecraft:diamond_sword":2,"minecraft:wooden_pickaxe":7,"minecraft:moss_carpet":5,"minecraft:string":22,"hybrid-aquatic:ghost_crab_claw":10,"minecraft:raw_copper":149,"hybrid-aquatic:diving_suit":2,"hybrid-aquatic:diving_leggings":1,"minecraft:sea_pickle":3,"minecraft:cobbled_deepslate":2,"minecraft:spruce_planks":368,"minecraft:beef":2,"minecraft:rose_bush":3,"minecraft:iron_pickaxe":2,"minecraft:light_gray_wool":4,"minecraft:phantom_membrane":1,"minecraft:egg":1,"minecraft:tipped_arrow":4,"minecraft:sandstone":153,"minecraft:stick":75,"minecraft:raw_iron":5,"minecraft:copper_ingot":69,"minecraft:torch":19,"minecraft:bowl":2,"minecraft:spruce_fence":2,"minecraft:porkchop":2,"hybrid-aquatic:diving_helmet":3,"mythicmetals:raw_tin":24,"mythicmetals:morkite":2,"minecraft:redstone":56,"minecraft:rabbit_foot":4,"minecraft:stone_sword":9,"minecraft:arrow":9,"minecraft:rotten_flesh":28,"minecraft:white_terracotta":2,"minecraft:glow_berries":2,"minecraft:mutton":13,"mythicmetals:copper_chestplate":1,"minecraft:cobblestone":117,"minecraft:white_wool":12,"minecraft:rail":1,"weaponworks:stone_hammer":5,"minecraft:feather":2,"minecraft:cooked_beef":13,"minecraft:andesite":18,"minecraft:leather":12,"minecraft:fern":1,"hybrid-aquatic:diving_boots":3,"minecraft:gunpowder":8,"minecraft:lapis_lazuli":26,"minecraft:dirt":43,"minecraft:glass":9,"minecraft:bone":14,"minecraft:wheat_seeds":1,"minecraft:spruce_wood":4,"minecraft:iron_ingot":1,"minecraft:stone_pickaxe":14,"minecraft:rabbit":1,"minecraft:glowstone_dust":1,"minecraft:moss_block":2,"mythicmetals:raw_silver":14,"minecraft:oak_planks":2,"minecraft:cooked_porkchop":1,"hybrid-aquatic:opah":2,"minecraft:sand":298,"hybrid-aquatic:raw_fish_meat":1,"mythicmetals:raw_quadrillum":7,"minecraft:spruce_sapling":15,"minecraft:spruce_log":63,"minecraft:spider_eye":8,"minecraft:bundle":3,"minecraft:slime_ball":5,"minecraft:stone_axe":10,"minecraft:diamond":3,"minecraft:spruce_boat":2,"minecraft:gray_wool":4,"soulsweapons:verglas":1,"minecraft:bread":2,"minecraft:emerald":1,"minecraft:oak_sapling":1,"minecraft:coal":124},"minecraft:dropped":{"minecraft:moss_block":2,"minecraft:wheat_seeds":1,"mythicmetals:raw_tin":6,"hybrid-aquatic:opah":1,"minecraft:feather":2,"minecraft:cobblestone":14,"minecraft:leather":2,"minecraft:copper_ingot":48,"minecraft:dirt":3,"hybrid-aquatic:diving_suit":1,"minecraft:gray_wool":1,"hybrid-aquatic:diving_boots":1,"minecraft:mutton":2,"minecraft:rose_bush":2,"minecraft:sand":160,"minecraft:iron_pickaxe":1,"minecraft:fishing_rod":1,"minecraft:white_wool":3,"hybrid-aquatic:ghost_crab_claw":8,"minecraft:spruce_sapling":8,"minecraft:bone":13,"minecraft:bowl":1,"minecraft:rotten_flesh":2,"minecraft:light_gray_wool":1,"minecraft:fern":1,"minecraft:white_terracotta":1,"minecraft:spruce_fence":2,"minecraft:rabbit_foot":1,"minecraft:tipped_arrow":1,"minecraft:bundle":2,"minecraft:spruce_planks":92,"minecraft:oak_sapling":1,"minecraft:spruce_wood":1,"minecraft:spider_eye":1,"minecraft:slime_ball":1,"minecraft:spruce_log":3,"minecraft:sandstone":64,"minecraft:glass":9,"minecraft:arrow":1,"minecraft:stone_pickaxe":4,"minecraft:wooden_pickaxe":2}},"DataVersion":3700}