{"stats":{"minecraft:mined":{"minecraft:spruce_planks":3,"minecraft:candle":2,"travelersbackpack:horse":5,"mythicmetals:osmium_ore":1,"minecraft:spruce_leaves":4,"minecraft:moss_block":38,"minecraft:red_mushroom":2,"minecraft:red_stained_glass_pane":2,"minecraft:large_fern":4,"minecraft:hay_block":60,"minecraft:glowstone":1,"minecraft:furnace":4,"minecraft:carrots":3,"minecraft:iron_ore":4,"minecraft:barrel":2,"mythicmetals:tin_ore":25,"minecraft:pumpkin":9,"minecraft:red_tulip":1,"minecraft:pointed_dripstone":3,"minecraft:bamboo":1,"minecraft:blue_orchid":20,"minecraft:stone":33,"minecraft:white_wool":6,"minecraft:flowering_azalea":3,"minecraft:brown_mushroom":1,"minecraft:glass_pane":3,"minecraft:brown_stained_glass_pane":1,"minecraft:medium_amethyst_bud":1,"coffins:coffin":5,"minecraft:crafting_table":1,"minecraft:cornflower":4,"minecraft:short_grass":28,"minecraft:rose_bush":18,"minecraft:tall_grass":8,"minecraft:cobblestone":3,"minecraft:sugar_cane":5,"minecraft:birch_log":6,"minecraft:sweet_berry_bush":18,"minecraft:spruce_log":6,"minecraft:birch_leaves":6,"minecraft:mangrove_leaves":18,"minecraft:yellow_bed":1,"minecraft:oak_log":14,"minecraft:coal_ore":11,"minecraft:cherry_leaves":1,"minecraft:gravel":1,"minecraft:dripstone_block":12,"minecraft:dirt":2,"minecraft:mangrove_log":14,"minecraft:cracked_stone_bricks":1,"minecraft:stone_bricks":8,"minecraft:mossy_stone_bricks":1,"minecraft:fern":2,"soulsweapons:verglas_ore":1},"minecraft:dropped":{"minecraft:bread":3,"minecraft:moss_block":1,"minecraft:wheat_seeds":5,"minecraft:ender_pearl":1,"minecraft:dirt":1,"mythicmetals:raw_banglum":3,"minecraft:gravel":1,"minecraft:sweet_berries":1,"minecraft:stone_sword":1,"minecraft:hay_block":12,"minecraft:mossy_stone_bricks":1,"minecraft:stone_bricks":8,"minecraft:arrow":3,"minecraft:red_tulip":1,"hybrid-aquatic:raw_crayfish":1},"minecraft:picked_up":{"minecraft:crafting_table":4,"minecraft:brown_mushroom":6,"minecraft:cornflower":3,"minecraft:iron_leggings":6,"minecraft:blue_orchid":40,"travelersbackpack:horse":5,"minecraft:candle":32,"minecraft:spruce_planks":69,"minecraft:beef":15,"mythicmetals:raw_osmium":4,"minecraft:rose_bush":36,"minecraft:iron_nugget":39,"minecraft:iron_pickaxe":4,"minecraft:sugar_cane":2,"minecraft:birch_sapling":8,"minecraft:mangrove_log":84,"minecraft:iron_boots":4,"minecraft:furnace":20,"minecraft:stick":159,"minecraft:raw_iron":101,"minecraft:porkchop":19,"minecraft:cherry_log":44,"mythicmetals:raw_tin":74,"minecraft:pointed_dripstone":24,"minecraft:carrot":40,"minecraft:stone_sword":6,"minecraft:arrow":3,"minecraft:rotten_flesh":21,"minecraft:hay_block":58,"minecraft:red_tulip":1,"minecraft:gold_ingot":12,"minecraft:mutton":30,"minecraft:white_wool":42,"minecraft:cobblestone":182,"minecraft:birch_log":36,"travelersbackpack:iron_golem":3,"minecraft:water_bucket":2,"mythicmetals:raw_banglum":3,"minecraft:leather":9,"minecraft:red_mushroom":4,"minecraft:flint":2,"minecraft:oak_log":84,"minecraft:yellow_bed":5,"minecraft:lapis_lazuli":27,"minecraft:dirt":2,"minecraft:bone":4,"minecraft:apple":14,"minecraft:stone_bricks":8,"minecraft:wheat_seeds":7,"minecraft:iron_ingot":27,"minecraft:mossy_stone_bricks":2,"minecraft:bamboo":28,"minecraft:glowstone_dust":3,"minecraft:moss_block":69,"minecraft:flowering_azalea":6,"minecraft:pumpkin":14,"minecraft:sweet_berries":64,"hybrid-aquatic:raw_crayfish":1,"minecraft:dripstone_block":24,"minecraft:gravel":1,"minecraft:spruce_sapling":10,"minecraft:spruce_log":6,"minecraft:barrel":8,"minecraft:slime_ball":32,"minecraft:stone_axe":5,"waystones:waystone":1,"minecraft:iron_helmet":3,"minecraft:cherry_sapling":32,"minecraft:emerald":6,"soulsweapons:verglas":2,"minecraft:bread":13,"minecraft:oak_sapling":2,"minecraft:coal":222,"minecraft:mangrove_propagule":10,"minecraft:diamond_pickaxe":5,"minecraft:ender_pearl":68},"minecraft:used":{"travelersbackpack:horse":5,"minecraft:stone_sword":105,"minecraft:spruce_planks":8,"minecraft:rotten_flesh":13,"minecraft:dirt":1,"minecraft:mutton":12,"minecraft:carrot":9,"minecraft:iron_boots":2,"minecraft:beef":13,"minecraft:sweet_berries":34,"minecraft:goat_horn":1,"minecraft:pumpkin":4,"minecraft:iron_leggings":1,"minecraft:cooked_mutton":5,"minecraft:ender_pearl":22,"minecraft:white_wool":6,"minecraft:crafting_table":1,"minecraft:cornflower":3,"minecraft:diamond_pickaxe":112,"minecraft:apple":16,"minecraft:bread":12,"minecraft:iron_pickaxe":17,"minecraft:stone_axe":42},"minecraft:custom":{"minecraft:mob_kills":37,"minecraft:interact_with_crafting_table":1,"minecraft:open_barrel":6,"minecraft:eat_cake_slice":1,"minecraft:leave_game":3,"minecraft:time_since_death":1858,"minecraft:climb_one_cm":1969,"minecraft:sprint_one_cm":330283,"minecraft:walk_one_cm":237452,"minecraft:drop":29,"minecraft:talked_to_villager":2,"minecraft:play_time":120480,"minecraft:deaths":6,"minecraft:sneak_time":4390,"minecraft:walk_under_water_one_cm":24485,"minecraft:boat_one_cm":379461,"minecraft:jump":1476,"minecraft:walk_on_water_one_cm":18973,"minecraft:total_world_time":120480,"minecraft:sleep_in_bed":2,"minecraft:time_since_rest":1896,"minecraft:damage_taken":4324,"minecraft:damage_dealt":4828,"minecraft:swim_one_cm":82705,"minecraft:fly_one_cm":306208,"minecraft:open_chest":26,"minecraft:crouch_one_cm":9519,"minecraft:fall_one_cm":39537},"minecraft:killed_by":{"minecraft:enderman":1,"minecraft:skeleton":2,"minecraft:zombie":3},"minecraft:killed":{"minecraft:skeleton":1,"minecraft:drowned":1,"hybrid-aquatic:crayfish":1,"hybrid-aquatic:sea_nettle":1,"minecraft:pig":8,"minecraft:sheep":8,"minecraft:pillager":2,"minecraft:zombie":7,"minecraft:cow":6},"minecraft:crafted":{"minecraft:crafting_table":1,"minecraft:spruce_planks":24,"minecraft:stone_axe":1,"minecraft:stick":8,"minecraft:stone_sword":1}},"DataVersion":3700}