{"stats":{"minecraft:mined":{"minecraft:dark_oak_planks":35,"minecraft:brown_mushroom":1,"minecraft:cobblestone_stairs":1,"minecraft:glow_lichen":1,"minecraft:dark_oak_log":38,"minecraft:purple_candle":3,"minecraft:crafting_table":4,"minecraft:torch":4,"minecraft:short_grass":33,"minecraft:grass_block":101,"minecraft:chest":4,"minecraft:stone_slab":7,"minecraft:cobblestone":2,"minecraft:spruce_leaves":2,"minecraft:blue_bed":1,"minecraft:wall_torch":4,"minecraft:spruce_stairs":1,"minecraft:furnace":2,"minecraft:iron_ore":1,"minecraft:spruce_log":51,"mythicmetals:tin_ore":2,"minecraft:pumpkin":6,"minecraft:coal_ore":7,"minecraft:dark_oak_sapling":1,"minecraft:dirt":38,"minecraft:stone":151,"minecraft:fern":1},"minecraft:dropped":{"hybrid-aquatic:rockfish":1,"minecraft:rotten_flesh":12,"minecraft:stone_slab":2,"minecraft:stone_pickaxe":1},"minecraft:picked_up":{"minecraft:crafting_table":4,"hybrid-aquatic:lionfish":1,"minecraft:salmon":2,"minecraft:stone_slab":8,"minecraft:gunpowder":1,"hybrid-aquatic:blue_tang":1,"minecraft:cobblestone_stairs":1,"hybrid-aquatic:blue_spotted_stingray":1,"minecraft:string":2,"minecraft:blue_bed":1,"minecraft:dirt":139,"minecraft:pufferfish":1,"minecraft:cooked_mutton":1,"minecraft:apple":1,"minecraft:wheat_seeds":4,"minecraft:stone_pickaxe":1,"minecraft:rose_bush":1,"minecraft:iron_pickaxe":1,"minecraft:chest":4,"minecraft:phantom_membrane":3,"minecraft:furnace":2,"hybrid-aquatic:rockfish":3,"minecraft:dark_oak_sapling":31,"minecraft:stick":35,"minecraft:raw_iron":2,"minecraft:pumpkin":6,"hybrid-aquatic:yellowfin_tuna":1,"hybrid-aquatic:opah":2,"minecraft:torch":12,"hybrid-aquatic:raw_crayfish":3,"minecraft:spruce_stairs":1,"minecraft:spruce_sapling":7,"mythicmetals:raw_tin":4,"minecraft:spruce_log":50,"minecraft:dark_oak_log":38,"minecraft:spider_eye":1,"minecraft:dark_oak_planks":35,"hybrid-aquatic:clownfish":1,"minecraft:arrow":1,"minecraft:purple_candle":6,"hybrid-aquatic:mahi_mahi":1,"minecraft:rotten_flesh":12,"minecraft:gray_wool":1,"minecraft:cod":5,"minecraft:coal":15,"minecraft:mutton":1,"minecraft:cobblestone":153},"minecraft:used":{"minecraft:wheat_seeds":4,"minecraft:cobblestone_stairs":1,"minecraft:purple_candle":6,"minecraft:stone_pickaxe":101,"minecraft:wooden_shovel":132,"minecraft:chest":10,"minecraft:wooden_pickaxe":59,"minecraft:iron_sword":50,"minecraft:blue_bed":1,"minecraft:torch":83,"minecraft:dirt":47,"minecraft:crafting_table":6,"minecraft:cod":1,"hybrid-aquatic:cooked_fish_meat":2,"minecraft:wooden_axe":125,"minecraft:dark_oak_planks":90,"minecraft:wooden_hoe":18,"minecraft:iron_pickaxe":18,"minecraft:stone_slab":2,"minecraft:fishing_rod":19,"minecraft:cooked_cod":4,"minecraft:furnace":6,"minecraft:cooked_porkchop":5,"minecraft:dark_oak_sapling":11},"minecraft:custom":{"minecraft:interact_with_furnace":70,"minecraft:mob_kills":16,"minecraft:interact_with_crafting_table":29,"minecraft:interact_with_campfire":1,"minecraft:leave_game":2,"minecraft:time_since_death":91111,"minecraft:sleep_in_bed":4,"minecraft:climb_one_cm":182,"minecraft:time_since_rest":44563,"minecraft:sprint_one_cm":60143,"minecraft:damage_taken":940,"minecraft:walk_one_cm":332936,"minecraft:drop":8,"minecraft:damage_dealt":2753,"minecraft:talked_to_villager":1,"minecraft:fly_one_cm":76201,"minecraft:open_chest":74,"minecraft:crouch_one_cm":4069,"minecraft:play_time":92880,"minecraft:deaths":1,"minecraft:sneak_time":1310,"minecraft:walk_under_water_one_cm":4026,"minecraft:jump":860,"minecraft:walk_on_water_one_cm":3770,"minecraft:total_world_time":92880,"minecraft:interact_with_smoker":1,"minecraft:fish_caught":8,"minecraft:fall_one_cm":8524},"minecraft:broken":{"minecraft:stone_pickaxe":1,"minecraft:wooden_shovel":2,"minecraft:wooden_axe":2,"minecraft:wooden_pickaxe":1},"minecraft:killed_by":{"minecraft:player":1},"minecraft:killed":{"minecraft:spider":1,"minecraft:creeper":1,"minecraft:skeleton":1,"minecraft:sheep":1,"minecraft:zombie":8,"minecraft:drowned":1,"hybrid-aquatic:crayfish":3},"minecraft:crafted":{"minecraft:red_dye":2,"minecraft:cooked_cod":4,"minecraft:wooden_shovel":5,"minecraft:fishing_rod":1,"minecraft:cooked_porkchop":13,"minecraft:crafting_table":2,"hybrid-aquatic:raw_fish_meat":6,"minecraft:spruce_planks":124,"minecraft:wooden_pickaxe":1,"minecraft:iron_sword":1,"minecraft:furnace":4,"minecraft:cooked_salmon":2,"hybrid-aquatic:cooked_fish_steak":4,"minecraft:air":0,"hybrid-aquatic:cooked_crayfish":2,"minecraft:wooden_hoe":2,"minecraft:charcoal":19,"minecraft:stick":40,"minecraft:iron_ingot":2,"hybrid-aquatic:raw_fish_steak":4,"minecraft:stone_pickaxe":1,"minecraft:wooden_axe":3,"minecraft:chest":6,"hybrid-aquatic:cooked_fish_meat":6,"minecraft:dark_oak_planks":152,"minecraft:torch":92,"mythicmetals:tin_ingot":4}},"DataVersion":3700}