{"stats":{"minecraft:mined":{"minecraft:dark_oak_planks":4,"betternether:netherrack_furnace":4,"minecraft:large_amethyst_bud":1,"minecraft:spruce_planks":59,"minecraft:blackstone_stairs":1,"betternether:cincinnasite_pedestal":42,"minecraft:white_bed":6,"minecraft:red_nether_bricks":2,"minecraft:red_sand":3,"minecraft:grass_block":29,"betternether:willow_roof":1,"betternether:stalagnate_planks":6,"betternether:nether_brick_wall":40,"minecraft:spawner":1,"minecraft:cobbled_deepslate":2,"minecraft:fire":18,"minecraft:moss_carpet":1,"betternether:cincinnasite_bricks_pillar":102,"minecraft:stripped_dark_oak_wood":4,"minecraft:nether_brick_stairs":1,"minecraft:enchanting_table":1,"minecraft:cave_vines":1,"minecraft:small_amethyst_bud":5,"minecraft:spruce_pressure_plate":4,"betternether:cincinnasite_tile_small":15,"minecraft:green_carpet":1,"betternether:cincinnasite_fire_bowl":15,"minecraft:azalea":2,"minecraft:spruce_slab":2,"minecraft:deepslate_redstone_ore":2,"betternether:golden_vine":2,"minecraft:blackstone":29,"minecraft:medium_amethyst_bud":5,"minecraft:piglin_head":1,"betternether:cincinnasite_pot":17,"minecraft:torch":7,"minecraft:oxidized_copper":1,"betternether:cincinnasite_forged":192,"minecraft:glass":61,"minecraft:cobblestone":36,"minecraft:oak_planks":1,"minecraft:iron_door":1,"betternether:birch_chair":2,"minecraft:wall_torch":4,"minecraft:amethyst_block":1,"minecraft:skeleton_skull":1,"minecraft:powered_rail":2,"minecraft:nether_wart_block":7,"betternether:geyser":1,"minecraft:jukebox":1,"minecraft:light_gray_wool":2,"minecraft:tnt":14,"minecraft:sand":550,"minecraft:dirt":100,"minecraft:crimson_planks":1,"minecraft:smooth_basalt":4,"betternether:roof_tile_nether_bricks":9,"minecraft:oak_leaves":18,"minecraft:deepslate":31,"soulsweapons:verglas_ore":2,"minecraft:nether_gold_ore":6,"minecraft:deepslate_diamond_ore":1,"mythicmetals:osmium_ore":13,"minecraft:mangrove_roots":13,"minecraft:glow_lichen":1,"minecraft:nether_bricks":6,"minecraft:spruce_fence":9,"minecraft:decorated_pot":11,"minecraft:soul_campfire":1,"betternether:black_bush":4,"betternether:stalagnate_roof":19,"minecraft:spruce_leaves":1,"betternether:cincinnasite_bars":4,"minecraft:moss_block":1,"minecraft:sandstone":252,"minecraft:cracked_nether_bricks":2,"betternether:potted_plant":2,"minecraft:large_fern":1,"minecraft:hay_block":7,"minecraft:spruce_sapling":1,"minecraft:black_glazed_terracotta":46,"minecraft:raw_gold_block":2,"betternether:cincinnasite_wall":13,"minecraft:polished_basalt":2,"betternether:weeping_obsidian":3,"mythicmetals:tin_ore":24,"betternether:quartz_glass_framed_pane":23,"betternether:pig_statue_respawner":5,"minecraft:nether_brick_fence":1,"soulsweapons:moonstone_ore_deepslate":8,"betternether:wall_moss":3,"minecraft:bookshelf":58,"minecraft:shroomlight":3,"minecraft:deepslate_iron_ore":3,"betternether:nether_brick_tile_large":48,"minecraft:rail":163,"minecraft:stone":604,"minecraft:bone_block":6,"betternether:quartz_glass_framed_pane_purple":13,"minecraft:mangrove_stairs":6,"minecraft:flowering_azalea":1,"betternether:cincinnasite_stairs":50,"coffins:coffin":2,"betternether:cincinnasite_tile_large":3,"minecraft:basalt":4,"minecraft:oak_fence":8,"betternether:bone_wall":17,"minecraft:honey_block":1,"minecraft:short_grass":12,"minecraft:emerald_ore":2,"minecraft:crimson_slab":2,"minecraft:campfire":1,"minecraft:copper_ore":1,"minecraft:tall_grass":11,"minecraft:deepslate_coal_ore":3,"minecraft:dried_kelp_block":21,"minecraft:deepslate_gold_ore":3,"minecraft:purple_bed":1,"minecraft:creeper_head":1,"minecraft:sweet_berry_bush":287,"betternether:cincinnasite_lantern_small":7,"minecraft:birch_leaves":2,"minecraft:white_wall_banner":1,"minecraft:red_wall_banner":3,"betternether:bone_tile":495,"minecraft:coal_ore":18,"minecraft:cobweb":18,"minecraft:polished_blackstone":1,"betternether:quartz_glass_framed_pane_light_blue":2,"mythicmetals:banglum_ore":10,"minecraft:crimson_hyphae":1,"betternether:cincinnasite_pillar":102,"minecraft:fern":1},"minecraft:dropped":{"betternether:wall_mushroom_red":1,"minecraft:moss_block":1,"minecraft:birch_planks":4,"mythicmetals:raw_tin":3,"minecraft:cooked_beef":3,"minecraft:crossbow":2,"minecraft:leather":8,"betternether:black_bush":2,"betternether:nether_ruby":5,"minecraft:dirt":1,"betternether:nether_ruby_chestplate":1,"minecraft:netherite_scrap":2,"minecraft:sand":114,"minecraft:iron_pickaxe":8,"minecraft:polished_blackstone_slab":1,"minecraft:dark_oak_planks":5,"mythicmetals:osmium_chestplate":1,"minecraft:white_wool":1,"minecraft:bone":5,"minecraft:white_tulip":7,"betternether:nether_brick_wall":5,"minecraft:rotten_flesh":16,"betternether:cincinnasite_tile_large":1,"minecraft:nether_brick_fence":1,"minecraft:gunpowder":2,"minecraft:beetroot_seeds":6,"minecraft:azalea":1,"betternether:stalagnate_roof":5,"minecraft:arrow":2,"minecraft:beef":1,"minecraft:iron_ingot":1,"minecraft:bread":2,"minecraft:wheat_seeds":3,"minecraft:polished_blackstone":1,"minecraft:bookshelf":7,"minecraft:feather":2,"minecraft:cobblestone":11,"minecraft:book":3,"minecraft:apple":1,"mythicmetals:copper_leggings":2,"minecraft:spruce_door":2,"minecraft:polished_blackstone_stairs":2,"minecraft:dried_kelp_block":20,"minecraft:wooden_hoe":3,"minecraft:sculk_catalyst":5,"minecraft:pumpkin":2,"minecraft:flowering_azalea":1,"minecraft:smooth_sandstone":3,"minecraft:moss_carpet":6,"minecraft:sweet_berries":35,"betternether:flaming_ruby_upgrade_smithing_template":9,"minecraft:stone_sword":1,"betternether:cincinnasite_bars":2,"minecraft:light_gray_wool":2,"minecraft:pumpkin_seeds":4,"minecraft:filled_map":1,"minecraft:diamond_sword":1,"minecraft:stone":8,"minecraft:crimson_slab":2,"minecraft:bundle":1,"minecraft:spruce_planks":4,"mythicmetals:copper_chestplate":2,"minecraft:oak_boat":1,"mythicmetals:tin_ingot":33,"mythicmetals:osmium_leggings":1,"betternether:nether_ruby_helmet":2,"betternether:weeping_obsidian":3},"minecraft:picked_up":{"minecraft:creeper_head":1,"minecraft:flower_pot":4,"minecraft:nether_brick_fence":2,"minecraft:lead":1,"betternether:cincinnasite_bricks_pillar":100,"betternether:pig_statue_respawner":5,"soulsweapons:moonstone":4,"minecraft:potion":3,"minecraft:enchanted_book":1,"betternether:birch_chair":2,"betternether:agave":15,"betternether:nether_brick_tile_large":41,"minecraft:string":45,"minecraft:soul_soil":1,"minecraft:raw_copper":34,"betternether:cincinnasite_wall":10,"minecraft:armor_stand":5,"betternether:nether_ruby_chestplate":1,"betternether:netherrack_furnace":4,"minecraft:shroomlight":2,"minecraft:activator_rail":4,"minecraft:red_sand":3,"minecraft:gold_nugget":48,"minecraft:cobbled_deepslate":14,"minecraft:black_glazed_terracotta":40,"minecraft:spruce_planks":61,"mythicmetals:raw_osmium":23,"minecraft:white_tulip":8,"minecraft:azalea":1,"minecraft:iron_pickaxe":9,"betternether:quartz_glass_framed_pane":23,"minecraft:deepslate_iron_ore":4,"minecraft:golden_helmet":3,"minecraft:spruce_pressure_plate":6,"minecraft:stick":58,"minecraft:polished_blackstone_stairs":2,"betternether:bone_cincinnasite_door":12,"minecraft:jukebox":1,"minecraft:oak_fence":9,"minecraft:torch":28,"betternether:bone_wall":19,"minecraft:porkchop":44,"minecraft:golden_chestplate":2,"minecraft:nether_gold_ore":16,"minecraft:stone_sword":3,"minecraft:mangrove_stairs":6,"minecraft:rotten_flesh":103,"betternether:cincinnasite_lantern_small":7,"minecraft:blue_dye":4,"minecraft:bookshelf":57,"betternether:stalagnate_roof":19,"minecraft:mangrove_roots":15,"mythicmetals:hallowed_pickaxe":1,"betternether:wart_ladder":1,"minecraft:blaze_rod":25,"mythicmetals:copper_chestplate":2,"betternether:cincinnasite_bars":2,"minecraft:cobblestone":136,"minecraft:birch_log":8,"minecraft:enchanting_table":1,"minecraft:feather":6,"minecraft:cooked_beef":6,"betternether:cincinnasite_tile_large":1,"minecraft:iron_door":10,"minecraft:medium_amethyst_bud":3,"minecraft:golden_leggings":2,"betternether:quartz_glass_framed_pane_purple":13,"minecraft:wither_skeleton_skull":1,"travelersbackpack:magma_cube":1,"minecraft:dirt":111,"betternether:nether_ruby_helmet":1,"minecraft:glass":59,"minecraft:bone":130,"betternether:geyser":7,"minecraft:large_amethyst_bud":1,"minecraft:bow":3,"minecraft:wheat_seeds":3,"minecraft:raw_gold":3,"minecraft:powered_rail":2,"minecraft:moss_block":1,"minecraft:oak_planks":11,"minecraft:cooked_porkchop":18,"betternether:weeping_obsidian":3,"betternether:wall_moss":4,"betternether:stalagnate_door":1,"minecraft:polished_blackstone_slab":1,"minecraft:sand":605,"minecraft:bundle":3,"minecraft:diamond":1,"minecraft:deepslate":27,"betternether:cincinnasite_pillar":104,"minecraft:deepslate_gold_ore":4,"minecraft:crossbow":5,"soulsweapons:verglas":1,"minecraft:emerald":41,"minecraft:bread":20,"minecraft:deepslate_coal_ore":2,"minecraft:oak_sapling":1,"minecraft:netherrack":23,"betternether:golden_vine":1,"minecraft:charcoal":2,"betternether:cincinnasite_hoe":1,"minecraft:chicken":8,"minecraft:chest_minecart":2,"friendsandfoes:totem_of_illusion":1,"soulsweapons:verglas_ore":1,"minecraft:brick":26,"minecraft:moss_carpet":16,"minecraft:flint_and_steel":1,"minecraft:netherite_scrap":11,"minecraft:blackstone":31,"mythicmetals:mythril_drill_smithing_template":1,"minecraft:detector_rail":1,"minecraft:oak_boat":3,"minecraft:beef":29,"hybrid-aquatic:cooked_crayfish":1,"minecraft:light_gray_wool":2,"minecraft:spruce_slab":2,"minecraft:birch_sapling":1,"betternether:flaming_ruby_helmet":1,"betternether:roof_tile_nether_bricks":9,"betternether:nether_brick_wall":59,"minecraft:raw_iron":8,"minecraft:sandstone":179,"minecraft:stone":404,"minecraft:raw_gold_block":2,"betternether:wall_mushroom_red":2,"minecraft:copper_ingot":54,"minecraft:spruce_fence":9,"hybrid-aquatic:diving_helmet":3,"mythicmetals:raw_tin":40,"hybrid-aquatic:shark_tooth":2,"minecraft:carrot":1,"minecraft:redstone":72,"minecraft:dark_oak_planks":4,"minecraft:tnt":14,"mythicmetals:tin_ore":1,"minecraft:arrow":91,"betternether:cincinnasite_stairs":50,"minecraft:decorated_pot":5,"minecraft:beetroot_seeds":9,"minecraft:nether_bricks":8,"minecraft:hay_block":1,"minecraft:stripped_dark_oak_wood":4,"minecraft:pink_tulip":2,"minecraft:polished_blackstone":4,"betternether:cincinnasite_fire_bowl":15,"minecraft:glow_berries":3,"minecraft:mutton":23,"minecraft:skeleton_skull":1,"minecraft:white_wool":7,"minecraft:bone_block":6,"minecraft:rail":262,"minecraft:crimson_slab":4,"mythicmetals:raw_banglum":17,"minecraft:leather":12,"minecraft:red_glazed_terracotta":1,"minecraft:birch_planks":4,"betternether:cincinnasite_pot":17,"minecraft:golden_boots":2,"hybrid-aquatic:diving_boots":2,"minecraft:gunpowder":18,"minecraft:nether_wart_block":7,"betternether:flaming_ruby_boots":1,"minecraft:wooden_hoe":4,"betternether:cincinnasite_pedestal":46,"minecraft:white_banner":2,"betternether:cincinnasite_tile_small":15,"minecraft:cooked_mutton":7,"minecraft:piglin_head":1,"minecraft:smooth_sandstone":3,"minecraft:mangrove_boat":2,"minecraft:red_nether_brick_stairs":1,"minecraft:apple":1,"betterfurnacesreforged:diamond_furnace":1,"betternether:flaming_ruby_chestplate":1,"minecraft:iron_ingot":33,"minecraft:stone_pickaxe":4,"minecraft:cooked_chicken":2,"minecraft:iron_sword":2,"minecraft:flowering_azalea":4,"minecraft:book":3,"betternether:flaming_ruby_upgrade_smithing_template":7,"betternether:black_bush":8,"minecraft:sweet_berries":745,"betternether:stalagnate_ladder":1,"minecraft:quartz":20,"minecraft:cracked_nether_bricks":2,"betternether:bone_tile":491,"minecraft:red_banner":4,"minecraft:small_amethyst_bud":5,"minecraft:white_bed":6,"minecraft:spruce_log":16,"soulsweapons:moonstone_ore_deepslate":4,"betternether:cincinnasite_forged":184,"minecraft:spruce_door":4,"minecraft:spider_eye":7,"betternether:flaming_ruby_leggings":1,"minecraft:dried_kelp_block":20,"minecraft:diamond_shovel":1,"minecraft:pumpkin_seeds":6,"minecraft:coal_ore":95,"minecraft:purple_bed":1,"minecraft:slime_ball":2,"betternether:stalagnate_planks":5,"mythicmetals:copper_leggings":2,"minecraft:deepslate_redstone_ore":5,"minecraft:painting":8,"minecraft:mossy_cobblestone_stairs":1,"minecraft:red_nether_brick_slab":1,"minecraft:netherite_hoe":1,"minecraft:coal":197,"minecraft:ender_pearl":18},"minecraft:used":{"minecraft:nether_brick_fence":1,"minecraft:chest":2,"minecraft:decorated_pot":5,"minecraft:iron_sword":192,"minecraft:stone":226,"mythicmetals:copper_axe":74,"minecraft:carrot":1,"betternether:flaming_ruby_sword":384,"minecraft:glass":394,"friendsandfoes:totem_of_illusion":1,"betternether:bone_cincinnasite_door":8,"minecraft:mangrove_stairs":6,"minecraft:coal_ore":94,"betternether:stalagnate_roof":15,"minecraft:bow":2,"minecraft:sweet_berries":592,"mythicmetals:tin_ore":1,"minecraft:egg":2,"betternether:cincinnasite_pot":6,"betternether:cincinnasite_pedestal":29,"betternether:birch_chair":2,"betternether:cincinnasite_stairs":49,"soulsweapons:moonstone_ore_deepslate":4,"minecraft:oak_planks":1,"minecraft:stone_pickaxe":161,"betternether:cincinnasite_tile_small":13,"minecraft:ender_pearl":1,"minecraft:black_glazed_terracotta":39,"minecraft:sandstone":137,"mythicmetals:hallowed_pickaxe":35,"minecraft:glow_berries":11,"minecraft:sand":80,"hybrid-aquatic:cooked_crayfish":1,"minecraft:deepslate_redstone_ore":5,"minecraft:crossbow":10,"betternether:pig_statue_respawner":3,"betternether:nether_brick_tile_large":37,"minecraft:crying_obsidian":4,"minecraft:deepslate_iron_ore":4,"minecraft:bread":25,"betternether:quartz_glass_framed_pane":18,"betternether:stalagnate_door":1,"minecraft:deepslate":27,"betternether:cincinnasite_forged":166,"minecraft:nether_wart_block":1,"minecraft:diamond_sword":2,"minecraft:medium_amethyst_bud":3,"betternether:weeping_obsidian":3,"minecraft:deepslate_coal_ore":2,"minecraft:oak_boat":1,"betternether:wall_moss":3,"minecraft:experience_bottle":2,"minecraft:cobweb":2,"minecraft:oak_fence":23,"minecraft:enchanting_table":1,"minecraft:stone_sword":92,"minecraft:flint_and_steel":1,"minecraft:armor_stand":1,"minecraft:stone_shovel":131,"minecraft:spruce_planks":5,"betternether:stalagnate_planks":4,"minecraft:deepslate_gold_ore":4,"minecraft:netherrack":27,"minecraft:torch":2,"minecraft:dirt":28,"betternether:cincinnasite_fire_bowl":8,"betternether:cincinnasite_pillar":89,"minecraft:spruce_fence":24,"minecraft:dark_oak_planks":11,"minecraft:bookshelf":48,"betternether:willow_roof":1,"betterfurnacesreforged:diamond_furnace":1,"minecraft:iron_axe":37,"betternether:cincinnasite_lantern_small":8,"betternether:bone_tile":344,"minecraft:cooked_beef":6,"minecraft:cobbled_deepslate":12,"minecraft:cooked_mutton":14,"minecraft:pink_tulip":2,"minecraft:bundle":2,"minecraft:red_glazed_terracotta":1,"minecraft:rail":5,"betternether:cincinnasite_hoe":1,"minecraft:white_bed":8,"minecraft:painting":8,"minecraft:piglin_head":1,"minecraft:nether_gold_ore":4,"minecraft:flower_pot":4,"minecraft:apple":11,"minecraft:diamond_shovel":160,"minecraft:iron_pickaxe":2695,"minecraft:spruce_pressure_plate":4,"betternether:cincinnasite_bricks_pillar":99,"minecraft:stone_axe":14,"minecraft:cobblestone":34,"betternether:quartz_glass_framed_pane_purple":10,"minecraft:white_banner":1,"minecraft:red_banner":4,"minecraft:cooked_porkchop":17},"minecraft:broken":{"minecraft:stone_pickaxe":1,"minecraft:stone_shovel":1,"hybrid-aquatic:diving_boots":1,"hybrid-aquatic:diving_helmet":2},"minecraft:custom":{"minecraft:animals_bred":4,"minecraft:interact_with_crafting_table":41,"minecraft:open_barrel":50,"minecraft:leave_game":8,"minecraft:time_since_death":8512,"minecraft:sprint_one_cm":1862848,"minecraft:drop":149,"minecraft:talked_to_villager":1,"minecraft:play_time":727004,"minecraft:deaths":44,"minecraft:jump":5907,"minecraft:interact_with_brewingstand":1,"minecraft:walk_on_water_one_cm":80063,"minecraft:interact_with_furnace":119,"minecraft:sleep_in_bed":8,"minecraft:damage_dealt":33990,"minecraft:player_kills":3,"minecraft:crouch_one_cm":50425,"minecraft:interact_with_smoker":1,"minecraft:interact_with_smithing_table":3,"minecraft:mob_kills":229,"minecraft:interact_with_campfire":9,"minecraft:climb_one_cm":6279,"minecraft:walk_one_cm":2861919,"minecraft:sneak_time":17929,"minecraft:walk_under_water_one_cm":90648,"minecraft:boat_one_cm":47014,"minecraft:total_world_time":727004,"minecraft:raid_trigger":1,"minecraft:time_since_rest":8540,"minecraft:damage_taken":18894,"minecraft:swim_one_cm":215974,"minecraft:fly_one_cm":912024,"minecraft:open_chest":257,"minecraft:fall_one_cm":118757},"minecraft:killed_by":{"minecraft:wither_skeleton":10,"minecraft:creeper":4,"minecraft:pillager":5,"minecraft:piglin":1,"minecraft:blaze":1,"minecraft:zombie":3,"soulsweapons:accursed_lord_boss":1,"minecraft:player":1,"minecraft:skeleton":3},"minecraft:killed":{"minecraft:spider":11,"hybrid-aquatic:barreleye":1,"hybrid-aquatic:frilled_shark":1,"minecraft:skeleton":18,"minecraft:chicken":5,"minecraft:illusioner":1,"minecraft:pig":12,"minecraft:creeper":7,"minecraft:sheep":8,"minecraft:pillager":27,"minecraft:zombie":40,"minecraft:blaze":15,"minecraft:cow":5,"minecraft:vindicator":1,"minecraft:phantom":1,"minecraft:drowned":6,"hybrid-aquatic:barrel_jellyfish":1,"minecraft:wither_skeleton":29,"minecraft:enderman":1,"hybrid-aquatic:great_white_shark":1},"minecraft:crafted":{"minecraft:oak_planks":132,"minecraft:cooked_mutton":11,"minecraft:glass":0,"hybrid-aquatic:diving_boots":1,"minecraft:chest":7,"minecraft:oak_fence":15,"mythicmetals:tin_ingot":33,"minecraft:cooked_porkchop":11,"mythicmetals:osmium_ingot":19,"minecraft:spruce_planks":64,"minecraft:copper_ingot":143,"minecraft:birch_planks":32,"minecraft:diamond_pickaxe":1,"minecraft:iron_ingot":23,"minecraft:iron_pickaxe":1,"minecraft:stone_sword":1,"minecraft:stone_shovel":1,"minecraft:spruce_fence":15,"grapplemod:grapplinghook":1,"mythicmetals:copper_leggings":1,"minecraft:dark_oak_planks":12,"mythicmetals:copper_chestplate":1,"minecraft:cooked_beef":3,"mythicmetals:copper_axe":1,"minecraft:air":0,"mythicmetals:osmium_chestplate":1,"mythicmetals:banglum_ingot":17,"minecraft:white_bed":2,"mythicmetals:osmium_leggings":1}},"DataVersion":3700}