{"stats":{"minecraft:mined":{"minecraft:red_nether_brick_slab":1,"minecraft:blackstone_stairs":33,"minecraft:red_nether_bricks":3,"mythicmetals:deepslate_morkite_ore":60,"minecraft:obsidian":16,"minecraft:red_sand":33,"betternether:willow_roof":1,"mythicmetals:deepslate_adamantite_ore":7,"betternether:stalagnate_planks":6,"minecraft:nether_wart":4,"minecraft:spawner":4,"minecraft:magma_block":38,"minecraft:cobbled_deepslate":17,"minecraft:fire":48,"minecraft:pumpkin":2,"minecraft:deepslate_lapis_ore":2,"minecraft:enchanting_table":1,"minecraft:blue_orchid":10,"soulsweapons:verglas_ore_deepslate":6,"minecraft:torch":15,"mythicmetals:deepslate_carmot_ore":6,"betternether:obsidian_glass":6,"minecraft:mangrove_log":4,"minecraft:deepslate":275,"betternether:cincinnasite_forge":4,"betternether:stalagnate_ladder":14,"mythicmetals:osmium_ore":2,"minecraft:nether_bricks":59,"mythicmetals:silver_ore":6,"betternether:stalagnate_roof":5,"minecraft:moss_block":3,"minecraft:redstone_ore":1,"mythicmetals:quadrillum_ore":8,"minecraft:andesite":44,"mythicmetals:deepslate_mythril_ore":3,"hybrid-aquatic:glowstick":1,"alloy_forgery:polished_blackstone_forge_controller":1,"minecraft:vine":1,"betternether:nether_brick_tile_large":22,"minecraft:rail":32,"minecraft:bone_block":6,"minecraft:redstone_block":1,"minecraft:soul_sand":9,"betternether:cincinnasite_stairs":5,"minecraft:cornflower":6,"betternether:bone_wall":3,"minecraft:short_grass":10,"minecraft:emerald_ore":1,"minecraft:crimson_slab":2,"minecraft:tall_grass":4,"minecraft:copper_ore":11,"minecraft:deepslate_gold_ore":23,"minecraft:spruce_log":3,"betternether:bone_tile":2,"minecraft:gravel":95,"minecraft:cobweb":50,"minecraft:polished_blackstone":31,"minecraft:gold_ore":1,"betternether:netherrack_furnace":2,"minecraft:spruce_planks":8,"minecraft:brewing_stand":2,"minecraft:grass_block":1,"betternether:nether_brick_wall":21,"mythicmetals:deepslate_orichalcum_ore":13,"minecraft:red_nether_brick_stairs":1,"minecraft:iron_ore":12,"minecraft:anvil":1,"betternether:wart_seed":1,"betternether:black_vine":1,"minecraft:deepslate_redstone_ore":49,"minecraft:polished_blackstone_wall":2,"minecraft:blackstone":62,"minecraft:soul_lantern":5,"betternether:blue_obsidian_glass":1,"minecraft:chest":1,"mythicmetals:deepslate_prometheum_ore":7,"betternether:cincinnasite_forged":2,"minecraft:nether_quartz_ore":1,"minecraft:cobblestone":5,"minecraft:oak_planks":4,"minecraft:wall_torch":4,"minecraft:iron_door":9,"betternether:farmland":10,"betternether:magma_flower":28,"mythicmetals:manganese_ore":18,"minecraft:sand":186,"minecraft:dirt":19,"mythicmetals:morkite_ore":1,"minecraft:netherrack":128,"soulsweapons:verglas_ore":4,"minecraft:nether_gold_ore":2,"minecraft:tuff":53,"minecraft:deepslate_diamond_ore":24,"minecraft:candle":1,"minecraft:mangrove_roots":18,"minecraft:glow_lichen":1,"minecraft:decorated_pot":11,"betterfurnacesreforged:diamond_furnace":3,"betternether:black_bush":4,"minecraft:spruce_leaves":2,"minecraft:cracked_nether_bricks":4,"minecraft:sandstone":170,"minecraft:large_fern":2,"minecraft:hay_block":11,"minecraft:spore_blossom":2,"minecraft:spruce_sapling":1,"minecraft:furnace":14,"mythicmetals:tin_ore":13,"minecraft:nether_brick_fence":2,"soulsweapons:moonstone_ore_deepslate":14,"minecraft:deepslate_iron_ore":33,"minecraft:shroomlight":2,"minecraft:packed_ice":18,"minecraft:stone":330,"mythicmetals:platinum_ore":17,"betternether:cincinnasite_lantern":1,"betternether:willow_fence":3,"minecraft:crafting_table":7,"betternether:blue_weeping_obsidian":1,"betternether:wart_planks":1,"minecraft:rose_bush":6,"minecraft:red_glazed_terracotta":9,"minecraft:lily_pad":1,"mythicmetals:deepslate_runite_ore":7,"minecraft:polished_blackstone_slab":8,"minecraft:polished_blackstone_stairs":4,"betternether:blue_obsidian":7,"betternether:cincinnasite_lantern_small":1,"minecraft:coal_ore":21,"minecraft:crimson_fence":2,"mythicmetals:banglum_ore":18,"betternether:cincinnasite_pillar":1},"minecraft:killed_by":{"hybrid-aquatic:great_white_shark":1,"minecraft:zombie":1,"minecraft:wither_skeleton":4,"minecraft:piglin":3,"soulsweapons:accursed_lord_boss":1,"minecraft:skeleton":5},"minecraft:dropped":{"minecraft:iron_sword":1,"minecraft:lapis_lazuli":4,"minecraft:cooked_beef":10,"minecraft:diamond":2,"hybrid-aquatic:cooked_crayfish":1,"minecraft:cooked_porkchop":10,"minecraft:glow_berries":2,"weaponworks:stone_greatsword":1,"betternether:black_bush":7,"minecraft:dirt":4,"betternether:nether_ruby_chestplate":1,"hybrid-aquatic:diving_boots":3,"minecraft:mangrove_boat":1,"minecraft:gold_nugget":1,"minecraft:sand":20,"minecraft:iron_pickaxe":4,"minecraft:white_wool":8,"minecraft:bone":1,"minecraft:stone_axe":1,"minecraft:cobbled_deepslate":3,"minecraft:rotten_flesh":8,"minecraft:oak_planks":47,"minecraft:rabbit_foot":1,"betternether:flaming_ruby_boots":1,"minecraft:red_nether_bricks":1,"minecraft:egg":1,"minecraft:golden_boots":2,"minecraft:iron_ingot":31,"minecraft:wheat_seeds":2,"minecraft:tnt":1,"minecraft:cobblestone":22,"minecraft:coal":5,"minecraft:wooden_hoe":3,"minecraft:wooden_axe":1,"minecraft:rose_bush":5,"minecraft:red_dye":2,"minecraft:iron_shovel":1,"minecraft:string":44,"minecraft:spruce_sapling":42,"travelersbackpack:magma_cube":1,"betternether:flaming_ruby_upgrade_smithing_template":1,"minecraft:netherite_hoe":1,"minecraft:bowl":2,"minecraft:stone_shovel":2,"betternether:blue_weeping_obsidian":1,"minecraft:nether_bricks":1,"weaponworks:diamond_scythe":1,"minecraft:spruce_boat":1,"minecraft:flower_pot":4,"minecraft:crimson_slab":4,"minecraft:spruce_planks":4,"minecraft:bundle":1,"mythicmetals:copper_chestplate":1,"minecraft:wooden_shovel":2,"minecraft:spider_eye":2,"hybrid-aquatic:diving_helmet":5,"minecraft:bow":2,"hybrid-aquatic:glow_slime":1,"minecraft:magma_block":2,"minecraft:moss_block":1,"minecraft:brown_mushroom":1,"minecraft:birch_planks":32,"mythicmetals:raw_tin":13,"minecraft:ender_pearl":34,"minecraft:mangrove_planks":64,"hybrid-aquatic:diving_suit":3,"minecraft:mutton":9,"betternether:cincinnasite_stairs":2,"hybrid-aquatic:diving_leggings":1,"minecraft:gold_ingot":18,"betternether:flaming_ruby_helmet":1,"minecraft:gravel":8,"weaponworks:stone_scythe":3,"minecraft:diamond_shovel":1,"minecraft:cooked_mutton":7,"minecraft:gunpowder":2,"minecraft:azalea":16,"minecraft:quartz":20,"minecraft:netherrack":14,"handcrafted:white_sheet":8,"minecraft:bread":20,"minecraft:lead":1,"mythicmetals:copper_leggings":1,"minecraft:activator_rail":1,"minecraft:stick":34,"betternether:flaming_ruby_leggings":1,"minecraft:torch":1,"minecraft:iron_door":9,"minecraft:flowering_azalea":5,"betternether:wart_seed":1,"hybrid-aquatic:ghost_crab_claw":2,"minecraft:redstone":297,"minecraft:coarse_dirt":1,"weaponworks:stone_hammer":1,"minecraft:tuff":13,"mythicmetals:hallowed_pickaxe":1,"betternether:flaming_ruby_chestplate":1,"minecraft:light_gray_wool":1,"minecraft:flint_and_steel":1,"minecraft:diamond_chestplate":1,"minecraft:andesite":18,"minecraft:purple_bed":1,"minecraft:golden_leggings":1,"minecraft:spruce_log":3,"betternether:nether_ruby_helmet":1,"minecraft:stone_pickaxe":5,"minecraft:wooden_pickaxe":2,"minecraft:raw_gold":4,"minecraft:magma_cream":27,"betternether:cincinnasite_pillar":1},"minecraft:crafted":{"minecraft:smooth_stone":0,"travelersbackpack:crafting_upgrade":1,"mythicmetals:banglum_pickaxe":1,"mythicmetals:prometheum_ingot":0,"minecraft:birch_slab":6,"weaponworks:stone_greatsword":1,"minecraft:diamond_shovel":1,"travelersbackpack:diamond":1,"minecraft:cooked_mutton":12,"minecraft:iron_bars":32,"hybrid-aquatic:cooked_crayfish":0,"minecraft:glass":24,"hybrid-aquatic:diving_boots":3,"mythicmetals:hallowed_pickaxe":1,"minecraft:mangrove_stairs":4,"minecraft:polished_blackstone":16,"soulsweapons:bluemoon_greatsword":1,"minecraft:wooden_shovel":1,"minecraft:cooked_porkchop":13,"weaponworks:diamond_scythe":1,"travelersbackpack:standard":2,"minecraft:spruce_door":6,"minecraft:smithing_table":1,"minecraft:copper_ingot":115,"more_chests:copper_chest":2,"minecraft:wooden_hoe":1,"minecraft:iron_pickaxe":5,"minecraft:iron_block":4,"minecraft:gold_ingot":19,"mythicmetals:prometheum_shovel":1,"hybrid-aquatic:glowstick":1,"minecraft:stone_shovel":1,"betternether:nether_ruby_leggings":2,"travelersbackpack:blank_upgrade":4,"minecraft:white_carpet":6,"travelersbackpack:magma_cube":2,"betterfurnacesreforged:platinum_upgrade":1,"betterfurnacesreforged:diamond_furnace":5,"minecraft:stone_pickaxe":6,"betterfurnacesreforged:gold_furnace":5,"minecraft:spruce_boat":3,"minecraft:wheat":99,"weaponworks:diamond_katana":1,"minecraft:light_blue_wool":2,"betternether:birch_chair":1,"betternether:nether_ruby_boots":1,"minecraft:wooden_axe":1,"hybrid-aquatic:diving_helmet":6,"minecraft:white_bed":1,"minecraft:oak_planks":72,"betternether:flaming_ruby_helmet":2,"minecraft:cooked_chicken":20,"minecraft:mangrove_boat":1,"hybrid-aquatic:diving_leggings":1,"minecraft:spruce_pressure_plate":4,"minecraft:bow":1,"minecraft:chest":16,"mythicmetals:tin_ingot":13,"betterfurnacesreforged:iron_furnace":5,"minecraft:crafting_table":9,"minecraft:spruce_planks":284,"minecraft:wooden_pickaxe":1,"minecraft:birch_planks":64,"morebowsandarrows:tnt_arrow":3,"minecraft:tnt":4,"minecraft:diamond_pickaxe":1,"minecraft:charcoal":24,"betterfurnacesreforged:iron_conductor_block":5,"minecraft:shield":1,"minecraft:stick":132,"betterfurnacesreforged:gold_conductor_block":5,"minecraft:light_blue_dye":10,"minecraft:iron_ingot":106,"mythicmetals:prometheum_pickaxe":2,"betternether:nether_ruby_chestplate":1,"hybrid-aquatic:cooked_crab":0,"betternether:flaming_ruby_chestplate":2,"morebowsandarrows:iron_bow":1,"hybrid-aquatic:diving_suit":1,"minecraft:furnace":4,"minecraft:blast_furnace":1,"weaponworks:stone_hammer":1,"soulsweapons:holy_greatsword":1,"betternether:flaming_ruby_leggings":2,"hybrid-aquatic:fishing_net":1,"minecraft:glass_pane":16,"minecraft:flint_and_steel":1,"minecraft:iron_axe":1,"grapplemod:grapplinghook":1,"handcrafted:white_sheet":8,"hybrid-aquatic:raw_crab":11,"mythicmetals:copper_helmet":1,"soulsweapons:moonstone_pickaxe":1,"mythicmetals:copper_leggings":1,"weaponworks:stone_scythe":2,"mythicmetals:prometheum_axe":1,"mythicmetals:copper_chestplate":1,"minecraft:cooked_beef":35,"minecraft:red_dye":2,"grapplemod:baseupgradeitem":1,"travelersbackpack:backpack_tank":6,"mythicmetals:orichalcum_pickaxe":2,"minecraft:iron_sword":1,"minecraft:cooked_salmon":0,"travelersbackpack:black_sleeping_bag":1,"minecraft:mangrove_planks":116,"minecraft:bucket":5,"minecraft:stone_axe":3,"minecraft:bread":33,"minecraft:air":0,"minecraft:blue_dye":6,"minecraft:oak_boat":3,"more_chests:gold_chest":2,"minecraft:white_wool":4,"alloy_forgery:polished_blackstone_forge_controller":1,"minecraft:anvil":1,"minecraft:torch":184,"travelersbackpack:light_blue_sleeping_bag":1,"minecraft:diamond_chestplate":1},"minecraft:picked_up":{"minecraft:anvil":1,"minecraft:lead":2,"minecraft:brewing_stand":2,"betternether:nether_brick_tile_large":23,"minecraft:string":112,"hybrid-aquatic:ghost_crab_claw":8,"minecraft:red_nether_bricks":4,"minecraft:shroomlight":1,"minecraft:gold_nugget":25,"minecraft:cobbled_deepslate":247,"minecraft:spruce_planks":63,"mythicmetals:raw_osmium":3,"minecraft:mangrove_log":29,"betternether:quartz_glass_framed_pane":5,"minecraft:spruce_pressure_plate":2,"betternether:bone_wall":1,"minecraft:rabbit_foot":1,"mythicmetals:raw_manganese":26,"minecraft:bookshelf":7,"minecraft:blaze_rod":1,"minecraft:blackstone_stairs":29,"minecraft:birch_log":16,"minecraft:magma_block":28,"minecraft:feather":23,"minecraft:cooked_beef":3,"minecraft:iron_door":9,"mythicmetals:prometheum_pickaxe":1,"minecraft:flint":18,"betternether:magma_flower":59,"mythicmetals:raw_platinum":52,"hybrid-aquatic:glowstick":1,"betternether:nether_ruby_helmet":2,"betternether:geyser":7,"betternether:willow_roof":1,"minecraft:glowstone_dust":2,"minecraft:moss_block":18,"mythicmetals:raw_silver":10,"betternether:weeping_obsidian":3,"minecraft:fermented_spider_eye":4,"minecraft:bundle":3,"betternether:cincinnasite_lantern":1,"minecraft:crafting_table":7,"minecraft:coarse_dirt":1,"travelersbackpack:hay":2,"minecraft:nether_wart":11,"minecraft:clay_ball":1,"mythicmetals:raw_prometheum":10,"minecraft:cornflower":6,"hybrid-aquatic:diving_suit":2,"minecraft:flint_and_steel":2,"minecraft:netherite_scrap":1,"minecraft:iron_shovel":1,"mythicmetals:raw_adamantite":14,"minecraft:beef":36,"mythicmetals:raw_mythril":6,"minecraft:chest":4,"minecraft:birch_sapling":1,"minecraft:egg":3,"minecraft:sandstone":212,"minecraft:stone":128,"mythicmetals:raw_tin":37,"betternether:nether_ruby":10,"minecraft:carrot":6,"minecraft:redstone":690,"minecraft:tnt":1,"betternether:wart_planks":1,"minecraft:stone_shovel":1,"betternether:cincinnasite_stairs":5,"minecraft:diamond_chestplate":1,"minecraft:decorated_pot":8,"minecraft:diamond_boots":1,"minecraft:hay_block":11,"mythicmetals:osmium_leggings":1,"minecraft:gold_ingot":42,"minecraft:polished_blackstone":26,"minecraft:mutton":49,"minecraft:glow_berries":30,"minecraft:bone_block":3,"minecraft:white_wool":35,"minecraft:rail":35,"minecraft:crimson_slab":4,"betternether:obsidian_glass":6,"minecraft:red_glazed_terracotta":8,"minecraft:lily_pad":1,"minecraft:oak_log":51,"betternether:blue_obsidian_glass":1,"minecraft:golden_boots":1,"minecraft:white_banner":3,"betterfurnacesreforged:diamond_furnace":2,"minecraft:spore_blossom":2,"minecraft:stone_pickaxe":1,"minecraft:glass_bottle":2,"minecraft:mangrove_planks":128,"minecraft:iron_sword":2,"minecraft:flowering_azalea":6,"betternether:black_bush":11,"minecraft:sweet_berries":78,"minecraft:cracked_nether_bricks":4,"betternether:bone_tile":2,"minecraft:gravel":73,"mythicmetals:banglum_pickaxe":1,"minecraft:spruce_sapling":51,"minecraft:spruce_log":162,"betternether:cincinnasite_forged":3,"minecraft:leather_helmet":3,"travelersbackpack:standard":1,"minecraft:coal_ore":1,"minecraft:slime_ball":10,"minecraft:painting":18,"minecraft:ender_pearl":178,"minecraft:redstone_block":2,"minecraft:nether_brick_fence":2,"betternether:pig_statue_respawner":4,"soulsweapons:moonstone":14,"minecraft:potion":4,"minecraft:raw_copper":199,"betternether:blue_obsidian":7,"travelersbackpack:diamond":1,"betternether:nether_ruby_chestplate":1,"betternether:netherrack_furnace":2,"minecraft:red_sand":36,"minecraft:bucket":4,"minecraft:rose_bush":6,"minecraft:azalea":21,"minecraft:wooden_shovel":1,"minecraft:iron_pickaxe":6,"minecraft:iron_boots":2,"minecraft:furnace":14,"minecraft:tipped_arrow":1,"minecraft:stick":79,"mythicmetals:raw_carmot":6,"handcrafted:white_sheet":16,"minecraft:oak_fence":1,"minecraft:torch":49,"minecraft:porkchop":48,"mythicmetals:morkite":292,"minecraft:rotten_flesh":149,"betternether:cincinnasite_lantern_small":3,"betternether:farmland":10,"minecraft:mangrove_roots":68,"betternether:stalagnate_roof":3,"minecraft:obsidian":16,"minecraft:cobblestone":382,"minecraft:enchanting_table":1,"minecraft:magma_cream":91,"minecraft:andesite":45,"minecraft:golden_leggings":1,"minecraft:potato":1,"minecraft:tuff":44,"weaponworks:stone_scythe":1,"betternether:wart_seed":4,"minecraft:wither_skeleton_skull":3,"minecraft:lapis_lazuli":48,"minecraft:dirt":68,"minecraft:glass":33,"minecraft:bone":152,"minecraft:bow":6,"minecraft:wheat_seeds":3,"minecraft:raw_gold":91,"hybrid-aquatic:coconut_crab_claw":2,"minecraft:oak_planks":138,"minecraft:sand":254,"mythicmetals:raw_quadrillum":11,"mythicmetals:osmium_chestplate":1,"minecraft:diamond":72,"waystones:waystone":1,"minecraft:spruce_boat":4,"minecraft:soul_lantern":5,"betternether:cincinnasite_pillar":1,"minecraft:crossbow":2,"minecraft:golden_apple":1,"alloy_forgery:polished_blackstone_forge_controller":1,"soulsweapons:verglas":10,"minecraft:emerald":15,"minecraft:netherrack":112,"minecraft:charcoal":56,"minecraft:chicken":17,"betternether:blue_crying_obsidian":3,"minecraft:brown_mushroom":1,"minecraft:wooden_pickaxe":1,"minecraft:gold_block":12,"betternether:blue_weeping_obsidian":3,"minecraft:chain":1,"morebowsandarrows:iron_bow":1,"minecraft:brick":4,"minecraft:moss_carpet":12,"minecraft:iron_axe":1,"minecraft:blackstone":59,"minecraft:blue_orchid":10,"hybrid-aquatic:glow_slime":2,"travelersbackpack:horse":1,"minecraft:candle":4,"minecraft:oak_boat":6,"minecraft:light_gray_wool":2,"minecraft:phantom_membrane":1,"mythicmetals:raw_orichalcum":13,"mythicmetals:platinum_ingot":2,"minecraft:raw_iron":171,"betternether:nether_brick_wall":24,"betternether:wall_mushroom_red":1,"minecraft:copper_ingot":121,"minecraft:bowl":2,"hybrid-aquatic:diving_helmet":1,"mythicmetals:raw_runite":9,"minecraft:arrow":91,"minecraft:nether_bricks":55,"betternether:cincinnasite_fire_bowl":7,"minecraft:salmon":17,"mythicmetals:raw_banglum":27,"minecraft:leather":27,"minecraft:birch_planks":32,"minecraft:gunpowder":30,"weaponworks:diamond_scythe":1,"hybrid-aquatic:diving_boots":2,"mythicmetals:tin_ingot":33,"hybrid-aquatic:dungeness_crab_claw":2,"minecraft:wooden_hoe":2,"minecraft:cooked_mutton":3,"hybrid-aquatic:fiddler_crab_claw":3,"minecraft:spruce_wood":1,"minecraft:iron_ingot":2,"minecraft:soul_sand":9,"minecraft:sculk_catalyst":5,"betternether:flaming_ruby_upgrade_smithing_template":3,"minecraft:pumpkin":2,"hybrid-aquatic:opah":1,"betternether:stalagnate_ladder":13,"minecraft:quartz":26,"hybrid-aquatic:raw_crayfish":1,"minecraft:blast_furnace":1,"minecraft:spruce_door":2,"minecraft:spider_eye":7,"betternether:cincinnasite_forge":4,"betternether:stalagnate_planks":6,"minecraft:netherite_hoe":1,"minecraft:black_wool":5,"minecraft:coal":414},"minecraft:broken":{"minecraft:iron_pickaxe":2},"minecraft:used":{"hybrid-aquatic:diving_boots":1,"minecraft:polished_blackstone":33,"minecraft:chest":15,"minecraft:stone":4,"minecraft:rotten_flesh":38,"hybrid-aquatic:glowstick":2,"minecraft:spruce_boat":5,"betternether:stalagnate_roof":3,"minecraft:mangrove_stairs":4,"minecraft:netherite_hoe":2,"minecraft:bow":3,"minecraft:sweet_berries":28,"minecraft:cooked_cod":3,"minecraft:furnace":12,"alloy_forgery:polished_blackstone_forge_controller":2,"morebowsandarrows:iron_bow":21,"minecraft:spruce_door":2,"minecraft:blackstone":24,"minecraft:wooden_pickaxe":10,"minecraft:glow_berries":36,"soulsweapons:bluemoon_greatsword":83,"mythicmetals:prometheum_pickaxe":205,"betternether:wart_seed":3,"minecraft:smithing_table":1,"betternether:weeping_obsidian":3,"minecraft:oak_boat":8,"betternether:stalagnate_planks":6,"minecraft:cooked_salmon":21,"minecraft:netherrack":95,"minecraft:torch":174,"weaponworks:diamond_katana":1,"minecraft:anvil":1,"minecraft:iron_axe":25,"betterfurnacesreforged:diamond_furnace":7,"minecraft:cobbled_deepslate":142,"minecraft:water_bucket":82,"weaponworks:stone_greatsword":15,"betternether:blue_obsidian":7,"minecraft:tnt":2,"minecraft:crafting_table":15,"minecraft:white_bed":1,"mythicmetals:banglum_pickaxe":108,"minecraft:diamond_pickaxe":439,"soulsweapons:holy_greatsword":104,"mythicmetals:prometheum_shovel":199,"minecraft:iron_pickaxe":874,"minecraft:spruce_pressure_plate":2,"betternether:cincinnasite_forge":2,"minecraft:cobblestone":186,"minecraft:cooked_porkchop":21,"minecraft:candle":4,"minecraft:red_sand":5,"betternether:stalagnate_ladder":12,"weaponworks:diamond_scythe":927,"soulsweapons:silver_sword":23,"minecraft:shield":6,"minecraft:iron_sword":178,"minecraft:nether_wart":7,"weaponworks:stone_scythe":182,"minecraft:nether_bricks":10,"betternether:flaming_ruby_sword":152,"minecraft:obsidian":10,"minecraft:mangrove_roots":15,"betternether:birch_chair":1,"minecraft:stone_pickaxe":201,"minecraft:oak_planks":68,"betternether:blue_obsidian_glass":1,"minecraft:ender_pearl":3,"hybrid-aquatic:cooked_crab":10,"minecraft:crossbow":17,"waystones:waystone":1,"betternether:nether_brick_tile_large":20,"betterfurnacesreforged:platinum_upgrade":1,"minecraft:bread":29,"more_chests:gold_chest":2,"hybrid-aquatic:fishing_net":2,"minecraft:andesite":25,"minecraft:azalea":4,"minecraft:flint_and_steel":10,"minecraft:stone_shovel":105,"minecraft:spruce_planks":186,"minecraft:wooden_shovel":25,"minecraft:cooked_chicken":20,"minecraft:wooden_axe":2,"hybrid-aquatic:diving_helmet":1,"betternether:cincinnasite_lantern":1,"mythicmetals:prometheum_axe":13,"minecraft:cooked_beef":28,"minecraft:mangrove_boat":1,"minecraft:cooked_mutton":25,"minecraft:iron_ore":8,"soulsweapons:moonstone_pickaxe":61,"minecraft:red_glazed_terracotta":5,"minecraft:painting":20,"minecraft:wooden_hoe":2,"betternether:farmland":10,"minecraft:stone_axe":42,"minecraft:white_banner":1,"minecraft:bucket":100},"minecraft:custom":{"minecraft:interact_with_crafting_table":163,"minecraft:open_barrel":52,"minecraft:bell_ring":1,"minecraft:leave_game":8,"minecraft:time_since_death":312031,"minecraft:damage_blocked_by_shield":261,"minecraft:play_time":738554,"minecraft:deaths":17,"minecraft:jump":9197,"minecraft:enchant_item":11,"minecraft:interact_with_furnace":203,"minecraft:sleep_in_bed":5,"minecraft:waystone_activated":2,"minecraft:damage_dealt":91490,"minecraft:interact_with_smoker":4,"minecraft:interact_with_smithing_table":22,"minecraft:interact_with_anvil":3,"minecraft:sneak_time":22576,"minecraft:total_world_time":738554,"minecraft:time_since_rest":73229,"minecraft:swim_one_cm":378750,"minecraft:fly_one_cm":1314288,"minecraft:open_chest":528,"minecraft:fall_one_cm":224698,"minecraft:animals_bred":2,"minecraft:sprint_one_cm":898592,"minecraft:drop":195,"minecraft:talked_to_villager":1,"minecraft:walk_on_water_one_cm":110922,"minecraft:player_kills":4,"minecraft:crouch_one_cm":49620,"minecraft:mob_kills":577,"minecraft:climb_one_cm":25041,"minecraft:walk_one_cm":1849513,"minecraft:walk_under_water_one_cm":113372,"minecraft:boat_one_cm":116570,"minecraft:raid_trigger":1,"minecraft:damage_taken":15980},"minecraft:killed":{"hybrid-aquatic:fiddler_crab":2,"minecraft:cave_spider":1,"betternether:firefly":1,"minecraft:skeleton":72,"minecraft:chicken":17,"hybrid-aquatic:rockfish":1,"hybrid-aquatic:crayfish":1,"minecraft:magma_cube":21,"minecraft:salmon":18,"minecraft:pillager":2,"hybrid-aquatic:dungeness_crab":1,"minecraft:zombie":147,"minecraft:cow":18,"minecraft:wandering_trader":1,"minecraft:frog":1,"minecraft:enderman":3,"minecraft:spider":27,"hybrid-aquatic:hermit_crab":1,"minecraft:piglin":5,"minecraft:pig":25,"minecraft:zombie_villager":1,"minecraft:creeper":33,"minecraft:sheep":25,"minecraft:trader_llama":2,"minecraft:stray":1,"hybrid-aquatic:vampire_squid":1,"minecraft:blaze":5,"minecraft:phantom":4,"minecraft:drowned":10,"hybrid-aquatic:dragonfish":1,"minecraft:bat":1,"hybrid-aquatic:ratfish":1,"hybrid-aquatic:ghost_crab":2,"minecraft:wither_skeleton":100,"minecraft:player":4}},"DataVersion":3700}