{"stats":{"minecraft:mined":{"minecraft:dark_oak_planks":16,"minecraft:red_nether_brick_slab":1,"minecraft:blackstone_stairs":33,"betternether:cincinnasite_pedestal":4,"minecraft:cherry_log":1,"minecraft:red_nether_bricks":3,"mythicmetals:deepslate_morkite_ore":60,"minecraft:obsidian":16,"minecraft:red_sand":35,"minecraft:acacia_log":2,"betternether:willow_roof":1,"mythicmetals:deepslate_adamantite_ore":7,"betternether:stalagnate_planks":6,"minecraft:coal_block":1,"betternether:nether_reed_roof_stairs":7,"minecraft:nether_wart":4,"minecraft:spawner":4,"minecraft:magma_block":60,"minecraft:mossy_cobblestone_stairs":2,"minecraft:cobbled_deepslate":17,"minecraft:fire":48,"minecraft:pumpkin":2,"minecraft:deepslate_lapis_ore":2,"minecraft:enchanting_table":1,"betternether:cincinnasite_fire_bowl":8,"minecraft:blue_orchid":10,"betterfurnacesreforged:platinum_furnace":1,"soulsweapons:verglas_ore_deepslate":6,"minecraft:smoker":1,"betternether:bone_cincinnasite_door":2,"minecraft:torch":15,"minecraft:oxidized_copper":1,"mythicmetals:deepslate_carmot_ore":6,"minecraft:sugar_cane":7,"betternether:nether_reed_door":1,"minecraft:birch_sapling":1,"betternether:obsidian_glass":6,"minecraft:mangrove_log":4,"minecraft:deepslate":275,"betternether:cincinnasite_forge":5,"betternether:nether_reed_stairs":2,"betternether:stalagnate_ladder":14,"minecraft:cherry_sapling":1,"mythicmetals:osmium_ore":2,"minecraft:nether_bricks":59,"mythicmetals:silver_ore":6,"betternether:stalagnate_roof":5,"betternether:cincinnasite_bars":31,"minecraft:moss_block":3,"minecraft:redstone_ore":1,"mythicmetals:quadrillum_ore":8,"betternether:cincinnasite_wall":2,"minecraft:andesite":44,"mythicmetals:deepslate_mythril_ore":3,"betternether:quartz_glass_framed_pane":22,"hybrid-aquatic:glowstick":1,"alloy_forgery:polished_blackstone_forge_controller":1,"minecraft:vine":1,"betternether:nether_brick_tile_large":245,"minecraft:rail":32,"minecraft:bone_block":104,"minecraft:smithing_table":1,"minecraft:redstone_block":1,"minecraft:soul_sand":9,"betternether:cincinnasite_stairs":6,"minecraft:dandelion":1,"minecraft:cornflower":6,"betternether:bone_wall":24,"minecraft:short_grass":14,"minecraft:emerald_ore":1,"minecraft:crimson_slab":2,"betternether:bone_stairs":38,"minecraft:copper_ore":13,"minecraft:tall_grass":6,"minecraft:deepslate_gold_ore":23,"minecraft:dark_oak_wall_sign":3,"minecraft:white_carpet":4,"minecraft:spruce_log":12,"minecraft:birch_leaves":7,"hybrid-aquatic:message_in_a_bottle":1,"betternether:bone_tile":213,"minecraft:gravel":95,"minecraft:cobweb":50,"minecraft:polished_blackstone":31,"betternether:quartz_glass_framed_pane_light_blue":9,"minecraft:gold_ore":1,"betternether:netherrack_furnace":2,"minecraft:spruce_planks":53,"mythicmetals:midas_gold_ore":14,"minecraft:brewing_stand":2,"minecraft:grass_block":21,"betternether:nether_brick_wall":126,"betternether:cincinnasite_ore":4,"mythicmetals:deepslate_orichalcum_ore":13,"minecraft:glowstone":28,"minecraft:red_nether_brick_stairs":1,"minecraft:iron_ore":16,"minecraft:anvil":1,"betternether:nether_reed_roof":8,"betternether:wart_seed":1,"betternether:black_vine":1,"minecraft:waxed_cut_copper":11,"minecraft:deepslate_redstone_ore":49,"minecraft:polished_blackstone_wall":2,"minecraft:blackstone":63,"minecraft:soul_lantern":8,"betternether:blue_obsidian_glass":1,"minecraft:poppy":4,"minecraft:chest":13,"mythicmetals:deepslate_prometheum_ore":7,"betternether:cincinnasite_forged":13,"minecraft:nether_quartz_ore":1,"minecraft:cobblestone":12,"minecraft:prismarine":8,"minecraft:oak_planks":4,"betternether:magma_flower":28,"minecraft:iron_door":9,"betternether:farmland":10,"minecraft:wall_torch":4,"minecraft:deepslate_copper_ore":1,"minecraft:birch_log":3,"mythicmetals:manganese_ore":18,"minecraft:light_gray_wool":3,"minecraft:dirt":21,"minecraft:sand":186,"mythicmetals:morkite_ore":1,"minecraft:raw_copper_block":4,"minecraft:netherrack":327,"minecraft:oak_leaves":55,"soulsweapons:verglas_ore":4,"minecraft:nether_gold_ore":2,"minecraft:tuff":53,"minecraft:deepslate_diamond_ore":24,"minecraft:candle":2,"minecraft:mangrove_roots":18,"minecraft:glow_lichen":1,"minecraft:decorated_pot":19,"betterfurnacesreforged:diamond_furnace":7,"betternether:black_bush":4,"minecraft:spruce_leaves":40,"minecraft:sandstone":170,"minecraft:cracked_nether_bricks":4,"minecraft:large_fern":2,"minecraft:hay_block":61,"minecraft:spore_blossom":2,"betternether:bone_reed_door":2,"minecraft:spruce_sapling":1,"minecraft:furnace":15,"minecraft:stripped_spruce_log":9,"mythicmetals:tin_ore":13,"betternether:nether_reed_taburet":2,"minecraft:nether_brick_fence":2,"soulsweapons:moonstone_ore_deepslate":14,"minecraft:shroomlight":2,"minecraft:deepslate_iron_ore":33,"minecraft:packed_ice":18,"minecraft:blue_glazed_terracotta":1,"minecraft:stone":714,"betternether:nether_reed_planks":20,"minecraft:scaffolding":1,"mythicmetals:platinum_ore":17,"betternether:cincinnasite_lantern":15,"betternether:willow_fence":3,"minecraft:crafting_table":10,"betternether:blue_weeping_obsidian":1,"betternether:wart_planks":1,"minecraft:rose_bush":6,"minecraft:deepslate_coal_ore":1,"minecraft:red_glazed_terracotta":9,"minecraft:lily_pad":1,"mythicmetals:deepslate_runite_ore":7,"minecraft:birch_planks":9,"minecraft:polished_blackstone_slab":8,"minecraft:polished_blackstone_stairs":4,"betternether:blue_obsidian":7,"betternether:cincinnasite_lantern_small":11,"minecraft:coal_ore":30,"minecraft:cherry_leaves":56,"betternether:chest_of_drawers":6,"minecraft:crimson_fence":2,"mythicmetals:banglum_ore":18,"betternether:cincinnasite_pillar":1},"minecraft:dropped":{"minecraft:iron_sword":1,"betternether:wall_mushroom_red":1,"minecraft:short_grass":3,"minecraft:lapis_lazuli":4,"minecraft:cooked_beef":17,"minecraft:diamond":2,"hybrid-aquatic:cooked_crayfish":1,"minecraft:cooked_porkchop":21,"minecraft:crossbow":2,"minecraft:cookie":6,"minecraft:glow_berries":2,"weaponworks:stone_greatsword":1,"mythicmetals:banglum_pickaxe":2,"betternether:black_bush":7,"minecraft:emerald":1,"betternether:cincinnasite_lantern_small":10,"minecraft:dirt":4,"betternether:nether_ruby_chestplate":1,"minecraft:raw_copper_block":1,"hybrid-aquatic:diving_boots":3,"minecraft:mangrove_boat":1,"mythicmetals:copper_helmet":1,"minecraft:gold_nugget":1,"minecraft:phantom_membrane":1,"minecraft:sand":138,"minecraft:iron_pickaxe":4,"minecraft:white_wool":9,"minecraft:bone":2,"minecraft:stone_axe":1,"minecraft:sugar_cane":30,"minecraft:cobbled_deepslate":3,"minecraft:wheat":2,"minecraft:birch_sapling":7,"minecraft:rotten_flesh":13,"minecraft:oak_planks":47,"minecraft:glowstone_dust":1,"minecraft:nether_brick_fence":2,"minecraft:rabbit_foot":1,"betternether:flaming_ruby_boots":1,"minecraft:red_nether_bricks":1,"minecraft:egg":1,"minecraft:golden_boots":2,"minecraft:iron_ingot":31,"minecraft:wheat_seeds":2,"minecraft:tnt":1,"soulsweapons:bluemoon_greatsword":2,"minecraft:cobblestone":78,"minecraft:coal":5,"minecraft:dried_kelp_block":20,"minecraft:wooden_hoe":3,"minecraft:wooden_axe":1,"minecraft:rose_bush":5,"minecraft:red_dye":2,"minecraft:mossy_cobblestone_stairs":2,"minecraft:iron_shovel":1,"minecraft:string":52,"minecraft:oxidized_copper":4,"minecraft:spruce_sapling":43,"travelersbackpack:magma_cube":1,"minecraft:moss_carpet":2,"betternether:flaming_ruby_upgrade_smithing_template":1,"minecraft:netherite_hoe":1,"minecraft:dark_oak_sign":8,"minecraft:bowl":2,"minecraft:stone_shovel":2,"betternether:blue_weeping_obsidian":1,"minecraft:iron_boots":1,"minecraft:nether_bricks":1,"weaponworks:diamond_scythe":1,"minecraft:potato":1,"minecraft:spruce_boat":1,"minecraft:stone":14,"betternether:wart_ladder":2,"minecraft:flower_pot":4,"minecraft:crimson_slab":4,"minecraft:waxed_cut_copper":11,"minecraft:spruce_planks":4,"betternether:obsidian_glass":6,"minecraft:bundle":1,"mythicmetals:copper_chestplate":2,"betternether:bone_tile":64,"minecraft:wooden_shovel":2,"minecraft:spider_eye":2,"hybrid-aquatic:diving_helmet":5,"hybrid-aquatic:glow_slime":1,"minecraft:bow":3,"minecraft:magma_block":2,"minecraft:moss_block":1,"minecraft:brown_mushroom":1,"minecraft:birch_planks":32,"mythicmetals:raw_tin":13,"minecraft:ender_pearl":34,"minecraft:decorated_pot":2,"minecraft:netherite_upgrade_smithing_template":1,"minecraft:mangrove_planks":64,"hybrid-aquatic:diving_suit":3,"minecraft:mutton":9,"betternether:cincinnasite_stairs":2,"hybrid-aquatic:diving_leggings":1,"minecraft:birch_log":76,"betternether:wall_moss":1,"minecraft:gold_ingot":26,"betternether:flaming_ruby_helmet":1,"minecraft:gravel":8,"weaponworks:stone_scythe":3,"minecraft:blackstone":1,"minecraft:diamond_shovel":1,"minecraft:cooked_mutton":7,"minecraft:gunpowder":6,"minecraft:azalea":17,"minecraft:iron_ore":2,"minecraft:arrow":12,"minecraft:quartz":20,"minecraft:netherrack":24,"handcrafted:white_sheet":8,"minecraft:bread":20,"minecraft:stripped_spruce_log":25,"minecraft:lead":1,"mythicmetals:copper_leggings":2,"minecraft:activator_rail":1,"betternether:nether_brick_tile_large":137,"minecraft:stick":47,"betternether:flaming_ruby_leggings":1,"minecraft:blue_dye":2,"minecraft:torch":1,"minecraft:iron_door":9,"minecraft:flowering_azalea":5,"betternether:wart_seed":1,"hybrid-aquatic:ghost_crab_claw":2,"minecraft:redstone":297,"mythicmetals:prometheum_pickaxe":1,"travelersbackpack:diamond":2,"minecraft:coarse_dirt":1,"weaponworks:stone_hammer":1,"minecraft:raw_copper":23,"minecraft:tuff":13,"mythicmetals:hallowed_pickaxe":1,"betternether:flaming_ruby_chestplate":1,"minecraft:light_gray_wool":1,"minecraft:flint_and_steel":2,"minecraft:diamond_chestplate":1,"minecraft:andesite":18,"minecraft:purple_bed":1,"minecraft:golden_leggings":1,"minecraft:oak_boat":1,"minecraft:spruce_log":3,"minecraft:slime_ball":2,"betternether:nether_ruby_helmet":1,"minecraft:stone_pickaxe":6,"minecraft:wooden_pickaxe":2,"minecraft:raw_gold":4,"minecraft:magma_cream":27,"betternether:cincinnasite_pillar":1},"minecraft:picked_up":{"minecraft:anvil":1,"minecraft:lead":2,"minecraft:smithing_table":1,"betternether:cincinnasite_bricks_pillar":1,"hybrid-aquatic:raw_tentacle":6,"minecraft:enchanted_book":1,"minecraft:brewing_stand":4,"betternether:agave":11,"betternether:nether_brick_tile_large":442,"hybrid-aquatic:ghost_crab_claw":10,"minecraft:string":149,"minecraft:red_nether_bricks":4,"minecraft:soul_soil":1,"minecraft:shroomlight":1,"minecraft:gold_nugget":79,"minecraft:cobbled_deepslate":334,"minecraft:black_glazed_terracotta":1,"minecraft:spruce_planks":142,"mythicmetals:raw_osmium":7,"minecraft:written_book":1,"minecraft:netherite_upgrade_smithing_template":2,"minecraft:coal_block":1,"betternether:quartz_glass_framed_pane":28,"minecraft:mangrove_log":29,"minecraft:spruce_pressure_plate":2,"betternether:bone_cincinnasite_door":5,"minecraft:acacia_log":37,"betternether:bone_wall":39,"minecraft:cherry_log":115,"betternether:cincinnasite":6,"minecraft:golden_chestplate":1,"minecraft:rabbit_foot":1,"betterfurnacesreforged:platinum_furnace":1,"mythicmetals:raw_manganese":26,"minecraft:blue_dye":7,"minecraft:glowstone":28,"minecraft:bookshelf":7,"betternether:wart_ladder":3,"hybrid-aquatic:lightfoot_crab_claw":2,"minecraft:waxed_cut_copper":11,"minecraft:blaze_rod":1,"minecraft:blackstone_stairs":58,"minecraft:iron_bars":12,"soulsweapons:moonstone_pickaxe":1,"minecraft:birch_log":226,"minecraft:magma_block":63,"minecraft:oxidized_copper":4,"minecraft:feather":43,"minecraft:cooked_beef":17,"mythicmetals:prometheum_pickaxe":1,"minecraft:iron_door":9,"minecraft:cherry_leaves":50,"minecraft:birch_slab":4,"minecraft:smoker":2,"betternether:quartz_glass_framed_pane_purple":3,"minecraft:flint":21,"betternether:magma_flower":97,"travelersbackpack:gold_tier_upgrade":1,"mythicmetals:raw_platinum":52,"hybrid-aquatic:glowstick":1,"betternether:nether_ruby_helmet":3,"betternether:nether_reed_taburet":2,"betternether:geyser":14,"minecraft:large_amethyst_bud":1,"betternether:willow_roof":1,"minecraft:dark_oak_sign":8,"minecraft:glowstone_dust":5,"minecraft:moss_block":19,"mythicmetals:raw_silver":10,"betternether:weeping_obsidian":3,"betternether:wall_moss":1,"minecraft:stripped_spruce_log":26,"minecraft:fermented_spider_eye":6,"minecraft:bundle":3,"betternether:cincinnasite_lantern":15,"minecraft:golden_horse_armor":2,"minecraft:bread":39,"minecraft:spruce_leaves":3,"minecraft:crafting_table":10,"minecraft:coarse_dirt":1,"betternether:cincinnasite_hoe":1,"travelersbackpack:hay":2,"betternether:nether_reed_roof_stairs":7,"minecraft:nether_wart":25,"minecraft:clay_ball":1,"mythicmetals:raw_prometheum":10,"soulsweapons:verglas_ore":1,"betternether:bone_reed_door":2,"minecraft:cornflower":6,"hybrid-aquatic:diving_suit":3,"minecraft:flint_and_steel":3,"minecraft:netherite_scrap":12,"minecraft:white_carpet":10,"minecraft:iron_shovel":1,"betternether:nether_ruby_leggings":1,"hybrid-aquatic:diving_leggings":1,"minecraft:glass_pane":10,"mythicmetals:mythril_drill_smithing_template":4,"hybrid-aquatic:flower_crab_claw":1,"mythicmetals:raw_adamantite":14,"minecraft:beef":79,"mythicmetals:raw_midas_gold":37,"minecraft:iron_nugget":31,"minecraft:poppy":4,"mythicmetals:raw_mythril":6,"minecraft:chest":23,"minecraft:birch_sapling":28,"minecraft:raw_copper_block":5,"minecraft:egg":13,"minecraft:sandstone":342,"minecraft:stone":191,"minecraft:raw_gold_block":2,"minecraft:fire_charge":3,"betternether:nether_reed_planks":19,"mythicmetals:raw_tin":50,"betternether:nether_ruby":11,"minecraft:carrot":12,"minecraft:redstone":1044,"mythicmetals:osmium_ingot":4,"minecraft:tnt":1,"betternether:wart_planks":2,"betternether:cincinnasite_stairs":10,"minecraft:stone_shovel":1,"minecraft:diamond_chestplate":2,"minecraft:decorated_pot":19,"minecraft:diamond_boots":1,"minecraft:hay_block":67,"mythicmetals:osmium_leggings":2,"mythicmetals:manganese_ingot":26,"minecraft:gold_ingot":66,"minecraft:polished_blackstone":27,"minecraft:glow_berries":30,"minecraft:mutton":67,"minecraft:white_wool":72,"minecraft:bone_block":194,"minecraft:rail":149,"minecraft:crimson_slab":4,"betternether:obsidian_glass":18,"minecraft:birch_leaves":3,"minecraft:red_glazed_terracotta":11,"minecraft:lily_pad":1,"betternether:cincinnasite_pot":11,"minecraft:oak_log":58,"betternether:blue_obsidian_glass":1,"minecraft:golden_boots":1,"minecraft:white_banner":3,"betternether:cincinnasite_tile_small":2,"minecraft:spore_blossom":4,"betterfurnacesreforged:diamond_furnace":6,"minecraft:stone_pickaxe":2,"minecraft:iron_ore":2,"minecraft:glass_bottle":3,"minecraft:mangrove_planks":193,"minecraft:iron_sword":4,"minecraft:flowering_azalea":6,"travelersbackpack:blank_upgrade":3,"soulsweapons:holy_greatsword":1,"betternether:black_bush":15,"minecraft:sweet_berries":131,"minecraft:cracked_nether_bricks":8,"betternether:bone_tile":409,"minecraft:gravel":73,"mythicmetals:banglum_pickaxe":4,"minecraft:small_amethyst_bud":5,"minecraft:spruce_sapling":70,"minecraft:spruce_log":284,"minecraft:crying_obsidian":5,"betternether:cincinnasite_forged":32,"minecraft:leather_helmet":4,"travelersbackpack:standard":1,"minecraft:coal_ore":1,"minecraft:slime_ball":12,"minecraft:stone_axe":2,"minecraft:short_grass":3,"minecraft:painting":18,"minecraft:ender_pearl":194,"minecraft:redstone_block":2,"minecraft:nether_brick_fence":6,"betternether:pig_statue_respawner":4,"soulsweapons:moonstone":23,"minecraft:potion":7,"betternether:blue_obsidian":40,"minecraft:raw_copper":324,"betternether:cincinnasite_wall":2,"travelersbackpack:diamond":2,"betternether:nether_ruby_chestplate":2,"minecraft:experience_bottle":1,"betternether:netherrack_furnace":8,"minecraft:activator_rail":4,"minecraft:red_sand":67,"minecraft:bucket":4,"minecraft:rose_bush":6,"minecraft:azalea":22,"minecraft:wooden_shovel":1,"minecraft:iron_pickaxe":7,"minecraft:iron_boots":3,"minecraft:furnace":15,"minecraft:tipped_arrow":1,"minecraft:stick":220,"mythicmetals:raw_carmot":6,"handcrafted:white_sheet":16,"betternether:nether_reed_door":1,"minecraft:oak_fence":1,"minecraft:torch":62,"minecraft:porkchop":68,"travelersbackpack:crafting_upgrade":1,"mythicmetals:morkite":310,"minecraft:goat_horn":1,"minecraft:rotten_flesh":309,"betternether:cincinnasite_lantern_small":30,"betternether:farmland":10,"soulsweapons:bluemoon_greatsword":1,"betternether:stalagnate_roof":3,"minecraft:mangrove_roots":108,"minecraft:obsidian":44,"betternether:cincinnasite_bars":31,"minecraft:blaze_powder":5,"minecraft:cobblestone":960,"minecraft:enchanting_table":1,"minecraft:magma_cream":91,"minecraft:andesite":45,"minecraft:golden_leggings":1,"grapplemod:baseupgradeitem":1,"minecraft:potato":17,"minecraft:skull_banner_pattern":1,"minecraft:tuff":44,"weaponworks:stone_scythe":1,"betternether:wart_seed":4,"minecraft:wither_skeleton_skull":6,"minecraft:lapis_lazuli":56,"minecraft:dirt":215,"minecraft:name_tag":8,"minecraft:glass":85,"minecraft:bone":300,"minecraft:bow":9,"minecraft:wheat_seeds":3,"minecraft:raw_gold":92,"minecraft:light_blue_dye":8,"hybrid-aquatic:coconut_crab_claw":2,"minecraft:powered_rail":7,"minecraft:prismarine":16,"minecraft:oak_planks":173,"minecraft:sand":431,"mythicmetals:raw_quadrillum":11,"mythicmetals:osmium_chestplate":2,"betternether:bone_stairs":50,"betternether:quartz_glass_framed_pane_light_blue":9,"minecraft:diamond":110,"minecraft:spruce_boat":5,"minecraft:soul_lantern":12,"waystones:waystone":3,"betternether:cincinnasite_pillar":9,"mythicmetals:copper_helmet":1,"minecraft:crossbow":6,"minecraft:golden_apple":1,"alloy_forgery:polished_blackstone_forge_controller":1,"soulsweapons:verglas":13,"minecraft:emerald":50,"minecraft:netherrack":206,"minecraft:oak_leaves":51,"minecraft:fishing_rod":1,"betternether:golden_vine":1,"minecraft:charcoal":74,"minecraft:chicken":21,"minecraft:ladder":7,"betternether:blue_crying_obsidian":3,"minecraft:chest_minecart":1,"minecraft:brown_mushroom":1,"mythicmetals:copper_axe":1,"minecraft:wooden_pickaxe":2,"minecraft:gold_block":13,"betternether:nether_reed_stairs":2,"betternether:blue_weeping_obsidian":3,"minecraft:chain":1,"morebowsandarrows:iron_bow":1,"minecraft:brick":30,"minecraft:moss_carpet":16,"minecraft:iron_axe":2,"minecraft:blackstone":79,"minecraft:blue_orchid":10,"hybrid-aquatic:glow_slime":2,"travelersbackpack:horse":1,"minecraft:candle":8,"minecraft:detector_rail":3,"hybrid-aquatic:fishing_net":1,"minecraft:oak_boat":9,"minecraft:light_gray_wool":3,"minecraft:sugar_cane":60,"mythicmetals:raw_orichalcum":15,"minecraft:phantom_membrane":9,"hybrid-aquatic:raw_crab":1,"betternether:roof_tile_nether_bricks":9,"mythicmetals:platinum_ingot":2,"minecraft:raw_iron":190,"betternether:nether_brick_wall":178,"betternether:wall_mushroom_red":1,"minecraft:copper_ingot":298,"minecraft:bowl":2,"hybrid-aquatic:diving_helmet":2,"mythicmetals:banglum_ingot":14,"hybrid-aquatic:shark_tooth":1,"minecraft:dark_oak_planks":31,"mythicmetals:raw_runite":18,"minecraft:arrow":157,"minecraft:nether_bricks":99,"betternether:chest_of_drawers":8,"betternether:cincinnasite_fire_bowl":21,"minecraft:salmon":17,"mythicmetals:raw_banglum":54,"minecraft:leather":83,"minecraft:birch_planks":54,"minecraft:gunpowder":65,"weaponworks:diamond_scythe":1,"hybrid-aquatic:diving_boots":5,"mythicmetals:tin_ingot":79,"hybrid-aquatic:dungeness_crab_claw":5,"mythicmetals:orichalcum_pickaxe":1,"minecraft:wooden_hoe":2,"betternether:cincinnasite_pedestal":8,"minecraft:cooked_mutton":7,"hybrid-aquatic:fiddler_crab_claw":3,"minecraft:smooth_sandstone":3,"minecraft:spruce_wood":2,"betternether:flaming_ruby_chestplate":1,"minecraft:iron_ingot":20,"minecraft:cooked_chicken":3,"minecraft:soul_sand":18,"minecraft:sculk_catalyst":10,"betternether:flaming_ruby_upgrade_smithing_template":5,"minecraft:pumpkin":2,"hybrid-aquatic:opah":2,"betternether:stalagnate_ladder":13,"minecraft:quartz":100,"hybrid-aquatic:raw_crayfish":1,"minecraft:blast_furnace":1,"minecraft:spruce_door":2,"minecraft:spider_eye":19,"minecraft:dried_kelp_block":20,"betternether:cincinnasite_forge":7,"betternether:stalagnate_planks":6,"minecraft:cherry_sapling":124,"minecraft:mossy_cobblestone_stairs":3,"minecraft:netherite_hoe":2,"minecraft:black_wool":7,"minecraft:coal":648,"betternether:nether_reed_roof":8},"minecraft:used":{"hybrid-aquatic:diving_boots":1,"minecraft:polished_blackstone":33,"betternether:chest_of_drawers":6,"minecraft:ladder":7,"minecraft:chest":40,"minecraft:stone":113,"minecraft:rotten_flesh":52,"hybrid-aquatic:glowstick":2,"minecraft:spruce_boat":6,"betternether:bone_cincinnasite_door":2,"betternether:stalagnate_roof":3,"minecraft:mangrove_stairs":4,"minecraft:netherite_hoe":2,"minecraft:cherry_leaves":48,"betternether:cincinnasite_bars":45,"minecraft:bow":3,"minecraft:sweet_berries":41,"alloy_forgery:polished_blackstone_forge_controller":2,"minecraft:furnace":14,"minecraft:cooked_cod":3,"morebowsandarrows:iron_bow":21,"minecraft:spruce_door":2,"minecraft:blackstone":24,"minecraft:wooden_pickaxe":10,"minecraft:glow_berries":36,"soulsweapons:bluemoon_greatsword":86,"mythicmetals:prometheum_pickaxe":1387,"betternether:quartz_glass_framed_pane":6,"betternether:cincinnasite_wall":2,"minecraft:soul_lantern":3,"betternether:wart_seed":3,"travelersbackpack:magma_cube":6,"minecraft:smithing_table":2,"betternether:weeping_obsidian":3,"minecraft:birch_log":8,"minecraft:oak_boat":10,"betternether:stalagnate_planks":6,"minecraft:cooked_salmon":21,"minecraft:netherrack":95,"minecraft:torch":174,"weaponworks:diamond_katana":1,"minecraft:anvil":1,"betternether:cincinnasite_fire_bowl":8,"minecraft:mossy_cobblestone_stairs":1,"minecraft:iron_axe":86,"betterfurnacesreforged:diamond_furnace":7,"betternether:cincinnasite_lantern_small":6,"minecraft:glowstone":1,"minecraft:goat_horn":3,"minecraft:cobbled_deepslate":142,"minecraft:cherry_log":43,"minecraft:water_bucket":82,"weaponworks:stone_greatsword":15,"minecraft:birch_planks":179,"mythicmetals:orichalcum_pickaxe":169,"betternether:blue_obsidian":7,"minecraft:tnt":2,"minecraft:crafting_table":21,"minecraft:white_bed":1,"minecraft:spruce_log":87,"mythicmetals:banglum_pickaxe":108,"minecraft:diamond_pickaxe":613,"soulsweapons:holy_greatsword":104,"mythicmetals:prometheum_shovel":221,"minecraft:iron_pickaxe":874,"minecraft:spruce_pressure_plate":2,"betternether:cincinnasite_forge":2,"minecraft:cobblestone":194,"minecraft:cooked_porkchop":21,"minecraft:glass_pane":63,"minecraft:candle":4,"minecraft:cherry_sapling":67,"minecraft:red_sand":5,"betternether:stalagnate_ladder":12,"weaponworks:diamond_scythe":1211,"minecraft:bone_block":5,"minecraft:decorated_pot":3,"soulsweapons:silver_sword":23,"minecraft:shield":20,"minecraft:iron_sword":178,"minecraft:nether_wart":7,"weaponworks:stone_scythe":182,"minecraft:nether_bricks":10,"betternether:flaming_ruby_sword":325,"minecraft:obsidian":10,"betternether:bone_wall":25,"minecraft:written_book":1,"minecraft:mangrove_roots":15,"betternether:bone_stairs":13,"betternether:birch_chair":1,"betterfurnacesreforged:platinum_furnace":1,"minecraft:stone_pickaxe":201,"minecraft:oak_planks":68,"minecraft:birch_wood":3,"betternether:blue_obsidian_glass":1,"minecraft:ender_pearl":3,"hybrid-aquatic:cooked_crab":10,"minecraft:crossbow":77,"minecraft:shears":119,"waystones:waystone":3,"betternether:nether_brick_tile_large":102,"betterfurnacesreforged:platinum_upgrade":1,"minecraft:bread":58,"betternether:cincinnasite_forged":5,"hybrid-aquatic:fishing_net":2,"minecraft:andesite":25,"betternether:bone_plate":1,"minecraft:bone_meal":29,"minecraft:azalea":4,"minecraft:cherry_wood":52,"minecraft:flint_and_steel":31,"minecraft:stone_shovel":105,"minecraft:spruce_planks":232,"minecraft:wooden_shovel":25,"minecraft:cooked_chicken":21,"minecraft:dirt":4,"minecraft:white_carpet":52,"betternether:wart_button":1,"minecraft:dark_oak_planks":7,"minecraft:wooden_axe":2,"hybrid-aquatic:diving_helmet":1,"betternether:cincinnasite_lantern":13,"mythicmetals:prometheum_axe":133,"betternether:bone_tile":212,"betternether:quartz_glass_framed_pane_light_blue":3,"minecraft:cooked_beef":52,"minecraft:mangrove_boat":1,"minecraft:cooked_mutton":32,"minecraft:iron_ore":8,"grapplemod:grapplinghook":1,"soulsweapons:moonstone_pickaxe":69,"minecraft:red_glazed_terracotta":5,"minecraft:painting":20,"minecraft:smoker":1,"minecraft:wooden_hoe":2,"minecraft:apple":2,"betternether:farmland":10,"minecraft:stone_axe":42,"minecraft:white_banner":1,"minecraft:bucket":100,"minecraft:pumpkin_pie":1},"minecraft:broken":{"minecraft:iron_pickaxe":2},"minecraft:custom":{"minecraft:interact_with_crafting_table":184,"minecraft:open_barrel":89,"minecraft:bell_ring":1,"minecraft:eat_cake_slice":1,"minecraft:leave_game":10,"minecraft:time_since_death":48263,"minecraft:damage_blocked_by_shield":1221,"minecraft:play_time":1056317,"minecraft:deaths":18,"minecraft:jump":13654,"minecraft:enchant_item":14,"minecraft:interact_with_furnace":230,"minecraft:sleep_in_bed":6,"minecraft:waystone_activated":4,"minecraft:damage_dealt":128275,"minecraft:interact_with_smoker":18,"minecraft:interact_with_smithing_table":31,"minecraft:interact_with_anvil":3,"minecraft:damage_dealt_absorbed":81,"minecraft:sneak_time":28321,"minecraft:interact_with_lectern":1,"minecraft:interact_with_blast_furnace":1,"minecraft:total_world_time":1056317,"minecraft:time_since_rest":48326,"minecraft:swim_one_cm":418810,"minecraft:fly_one_cm":2127152,"minecraft:open_chest":994,"minecraft:fall_one_cm":373082,"minecraft:animals_bred":3,"minecraft:sprint_one_cm":1342277,"minecraft:drop":286,"minecraft:talked_to_villager":1,"minecraft:interact_with_brewingstand":1,"minecraft:walk_on_water_one_cm":142313,"minecraft:player_kills":4,"minecraft:crouch_one_cm":56822,"minecraft:mob_kills":819,"minecraft:climb_one_cm":50461,"minecraft:walk_one_cm":2896111,"minecraft:walk_under_water_one_cm":129355,"minecraft:boat_one_cm":181954,"minecraft:raid_trigger":2,"minecraft:damage_taken":19657},"minecraft:killed_by":{"hybrid-aquatic:great_white_shark":1,"minecraft:vindicator":1,"minecraft:zombie":1,"minecraft:wither_skeleton":4,"minecraft:piglin":3,"soulsweapons:accursed_lord_boss":1,"minecraft:skeleton":5},"minecraft:killed":{"hybrid-aquatic:fiddler_crab":2,"minecraft:cave_spider":1,"hybrid-aquatic:flower_crab":1,"hybrid-aquatic:mahimahi":2,"betternether:firefly":1,"minecraft:skeleton":94,"minecraft:chicken":21,"hybrid-aquatic:rockfish":1,"hybrid-aquatic:crayfish":1,"minecraft:cat":1,"minecraft:magma_cube":21,"minecraft:salmon":18,"minecraft:pillager":49,"hybrid-aquatic:dungeness_crab":3,"minecraft:zombie":213,"minecraft:cow":33,"minecraft:vindicator":1,"hybrid-aquatic:lightfoot_crab":1,"minecraft:wandering_trader":1,"minecraft:frog":1,"minecraft:enderman":5,"minecraft:zombified_piglin":1,"minecraft:spider":37,"hybrid-aquatic:hermit_crab":3,"minecraft:wolf":1,"minecraft:piglin":8,"minecraft:pig":35,"minecraft:zombie_villager":1,"hybrid-aquatic:horseshoe_crab":1,"minecraft:creeper":43,"minecraft:sheep":33,"minecraft:trader_llama":2,"minecraft:stray":1,"hybrid-aquatic:vampire_squid":1,"minecraft:blaze":5,"minecraft:phantom":24,"minecraft:drowned":10,"hybrid-aquatic:dragonfish":1,"hybrid-aquatic:ratfish":1,"minecraft:bat":1,"hybrid-aquatic:ghost_crab":2,"friendsandfoes:moobloom":4,"minecraft:wither_skeleton":100,"minecraft:player":4},"minecraft:crafted":{"minecraft:smooth_stone":0,"minecraft:cherry_wood":54,"travelersbackpack:crafting_upgrade":2,"mythicmetals:banglum_pickaxe":1,"mythicmetals:prometheum_ingot":0,"minecraft:birch_slab":6,"weaponworks:stone_greatsword":1,"minecraft:diamond_shovel":1,"travelersbackpack:diamond":1,"hybrid-aquatic:cooked_crayfish":0,"minecraft:cooked_mutton":20,"minecraft:iron_bars":32,"minecraft:glass":24,"hybrid-aquatic:diving_boots":3,"mythicmetals:hallowed_pickaxe":1,"minecraft:mangrove_stairs":4,"minecraft:polished_blackstone":16,"betternether:wart_button":1,"soulsweapons:bluemoon_greatsword":1,"minecraft:wooden_shovel":1,"minecraft:cooked_porkchop":13,"weaponworks:diamond_scythe":1,"travelersbackpack:standard":2,"minecraft:spruce_door":6,"minecraft:smithing_table":1,"minecraft:copper_ingot":115,"betternether:bone_block":32,"minecraft:wooden_hoe":1,"minecraft:iron_pickaxe":5,"minecraft:iron_block":4,"minecraft:gold_ingot":19,"minecraft:netherite_ingot":1,"mythicmetals:prometheum_shovel":1,"hybrid-aquatic:glowstick":1,"minecraft:stone_shovel":1,"minecraft:bone_meal":54,"betternether:nether_ruby_leggings":2,"minecraft:white_carpet":54,"travelersbackpack:blank_upgrade":8,"travelersbackpack:magma_cube":3,"betterfurnacesreforged:platinum_upgrade":1,"betterfurnacesreforged:diamond_furnace":5,"minecraft:ladder":15,"minecraft:stone_pickaxe":6,"betterfurnacesreforged:gold_furnace":5,"minecraft:spruce_boat":4,"minecraft:wheat":605,"weaponworks:diamond_katana":1,"minecraft:light_blue_wool":2,"betternether:birch_chair":1,"betternether:nether_ruby_boots":1,"minecraft:wooden_axe":1,"hybrid-aquatic:diving_helmet":6,"minecraft:white_bed":1,"minecraft:oak_planks":72,"minecraft:birch_wood":3,"betternether:flaming_ruby_helmet":2,"minecraft:cooked_chicken":24,"minecraft:mangrove_boat":1,"minecraft:stone":0,"hybrid-aquatic:diving_leggings":1,"minecraft:spruce_pressure_plate":4,"minecraft:bow":1,"minecraft:raw_copper":36,"betternether:cincinnasite_ingot":20,"minecraft:chest":23,"mythicmetals:tin_ingot":13,"minecraft:smoker":1,"travelersbackpack:iron_tier_upgrade":1,"betterfurnacesreforged:iron_furnace":5,"minecraft:crafting_table":14,"minecraft:spruce_planks":424,"minecraft:wooden_pickaxe":1,"minecraft:birch_planks":256,"morebowsandarrows:tnt_arrow":3,"minecraft:tnt":4,"minecraft:diamond_pickaxe":1,"minecraft:charcoal":24,"betterfurnacesreforged:iron_conductor_block":5,"minecraft:shield":1,"minecraft:stick":180,"betterfurnacesreforged:gold_conductor_block":5,"minecraft:light_blue_dye":10,"minecraft:iron_ingot":106,"mythicmetals:prometheum_pickaxe":2,"betternether:nether_ruby_chestplate":1,"minecraft:shears":1,"travelersbackpack:netherite_tier_upgrade":1,"hybrid-aquatic:cooked_crab":6,"minecraft:coal":9,"betternether:flaming_ruby_chestplate":2,"morebowsandarrows:iron_bow":1,"hybrid-aquatic:diving_suit":1,"minecraft:furnace":6,"minecraft:blast_furnace":1,"weaponworks:stone_hammer":1,"soulsweapons:holy_greatsword":1,"betternether:flaming_ruby_leggings":2,"hybrid-aquatic:fishing_net":1,"minecraft:glass_pane":112,"minecraft:flint_and_steel":1,"minecraft:iron_axe":1,"grapplemod:grapplinghook":1,"handcrafted:white_sheet":8,"hybrid-aquatic:raw_crab":17,"mythicmetals:copper_helmet":2,"soulsweapons:moonstone_pickaxe":1,"mythicmetals:copper_leggings":2,"betternether:bone_plate":1,"weaponworks:stone_scythe":2,"mythicmetals:prometheum_axe":1,"betternether:cincinnasite_bars":16,"mythicmetals:copper_chestplate":2,"travelersbackpack:diamond_tier_upgrade":1,"minecraft:cooked_beef":49,"minecraft:red_dye":2,"minecraft:cooked_cod":2,"grapplemod:baseupgradeitem":1,"travelersbackpack:backpack_tank":8,"mythicmetals:orichalcum_pickaxe":2,"minecraft:iron_sword":1,"minecraft:cooked_salmon":7,"minecraft:mangrove_planks":116,"travelersbackpack:black_sleeping_bag":1,"minecraft:bucket":5,"minecraft:stone_axe":3,"minecraft:bread":205,"minecraft:air":0,"minecraft:blue_dye":7,"minecraft:oak_boat":3,"minecraft:white_wool":4,"alloy_forgery:polished_blackstone_forge_controller":1,"minecraft:anvil":1,"minecraft:torch":184,"travelersbackpack:light_blue_sleeping_bag":1,"minecraft:diamond_chestplate":1}},"DataVersion":3700}