{"stats":{"minecraft:dropped":{"minecraft:iron_sword":1,"minecraft:moss_block":1,"minecraft:brown_mushroom":1,"minecraft:birch_planks":32,"minecraft:lapis_lazuli":4,"mythicmetals:raw_tin":13,"minecraft:cooked_beef":10,"minecraft:ender_pearl":34,"minecraft:diamond":2,"hybrid-aquatic:cooked_crayfish":1,"minecraft:cooked_porkchop":10,"minecraft:glow_berries":2,"weaponworks:stone_greatsword":1,"minecraft:mangrove_planks":64,"betternether:black_bush":7,"minecraft:dirt":4,"hybrid-aquatic:diving_suit":3,"betternether:nether_ruby_chestplate":1,"hybrid-aquatic:diving_boots":3,"minecraft:mutton":9,"minecraft:mangrove_boat":1,"betternether:cincinnasite_stairs":2,"minecraft:gold_nugget":1,"hybrid-aquatic:diving_leggings":1,"minecraft:sand":20,"minecraft:iron_pickaxe":4,"minecraft:white_wool":8,"minecraft:gold_ingot":18,"minecraft:gravel":8,"betternether:flaming_ruby_helmet":1,"weaponworks:stone_scythe":3,"minecraft:stone_axe":1,"minecraft:cobbled_deepslate":3,"minecraft:rotten_flesh":8,"minecraft:oak_planks":47,"minecraft:diamond_shovel":1,"minecraft:cooked_mutton":7,"minecraft:rabbit_foot":1,"betternether:flaming_ruby_boots":1,"minecraft:gunpowder":2,"minecraft:azalea":16,"minecraft:red_nether_bricks":1,"minecraft:quartz":20,"minecraft:netherrack":14,"minecraft:egg":1,"handcrafted:white_sheet":8,"minecraft:golden_boots":2,"minecraft:iron_ingot":31,"minecraft:bread":20,"minecraft:wheat_seeds":2,"minecraft:tnt":1,"minecraft:cobblestone":22,"mythicmetals:copper_leggings":1,"minecraft:activator_rail":1,"minecraft:coal":5,"minecraft:stick":34,"betternether:flaming_ruby_leggings":1,"minecraft:wooden_hoe":3,"minecraft:torch":1,"minecraft:wooden_axe":1,"minecraft:rose_bush":5,"minecraft:iron_door":9,"minecraft:flowering_azalea":5,"minecraft:red_dye":2,"betternether:wart_seed":1,"minecraft:string":44,"hybrid-aquatic:ghost_crab_claw":2,"minecraft:spruce_sapling":12,"minecraft:redstone":297,"travelersbackpack:magma_cube":1,"betternether:flaming_ruby_upgrade_smithing_template":1,"minecraft:netherite_hoe":1,"minecraft:coarse_dirt":1,"mythicmetals:hallowed_pickaxe":1,"weaponworks:stone_hammer":1,"minecraft:bowl":2,"minecraft:tuff":13,"betternether:flaming_ruby_chestplate":1,"minecraft:stone_shovel":2,"betternether:blue_weeping_obsidian":1,"minecraft:light_gray_wool":1,"minecraft:nether_bricks":1,"weaponworks:diamond_scythe":1,"minecraft:flint_and_steel":1,"minecraft:spruce_boat":1,"minecraft:flower_pot":4,"minecraft:crimson_slab":4,"minecraft:diamond_chestplate":1,"minecraft:bundle":1,"minecraft:spruce_planks":4,"minecraft:andesite":18,"minecraft:purple_bed":1,"mythicmetals:copper_chestplate":1,"minecraft:golden_leggings":1,"minecraft:wooden_shovel":2,"minecraft:spider_eye":2,"hybrid-aquatic:diving_helmet":5,"minecraft:spruce_log":3,"hybrid-aquatic:glow_slime":1,"minecraft:bow":2,"betternether:nether_ruby_helmet":1,"minecraft:stone_pickaxe":5,"minecraft:wooden_pickaxe":2,"minecraft:raw_gold":4,"minecraft:magma_cream":27,"minecraft:magma_block":2,"betternether:cincinnasite_pillar":1},"minecraft:picked_up":{"minecraft:anvil":1,"minecraft:redstone_block":2,"minecraft:nether_brick_fence":2,"minecraft:lead":2,"betternether:pig_statue_respawner":4,"soulsweapons:moonstone":14,"minecraft:potion":4,"minecraft:brewing_stand":2,"betternether:nether_brick_tile_large":23,"hybrid-aquatic:ghost_crab_claw":8,"minecraft:string":110,"betternether:blue_obsidian":7,"minecraft:raw_copper":199,"travelersbackpack:diamond":1,"minecraft:red_nether_bricks":4,"betternether:nether_ruby_chestplate":1,"minecraft:shroomlight":1,"betternether:netherrack_furnace":2,"minecraft:red_sand":36,"minecraft:gold_nugget":25,"minecraft:cobbled_deepslate":247,"minecraft:bucket":4,"minecraft:spruce_planks":63,"mythicmetals:raw_osmium":3,"minecraft:rose_bush":6,"minecraft:azalea":21,"minecraft:wooden_shovel":1,"minecraft:iron_pickaxe":6,"betternether:quartz_glass_framed_pane":5,"minecraft:mangrove_log":29,"minecraft:iron_boots":1,"minecraft:furnace":14,"minecraft:tipped_arrow":1,"minecraft:spruce_pressure_plate":2,"minecraft:stick":50,"mythicmetals:raw_carmot":6,"handcrafted:white_sheet":16,"minecraft:oak_fence":1,"minecraft:torch":49,"betternether:bone_wall":1,"minecraft:porkchop":48,"mythicmetals:morkite":292,"minecraft:rabbit_foot":1,"minecraft:rotten_flesh":145,"mythicmetals:raw_manganese":26,"betternether:cincinnasite_lantern_small":3,"betternether:farmland":10,"betternether:stalagnate_roof":3,"minecraft:bookshelf":7,"minecraft:mangrove_roots":68,"minecraft:blaze_rod":1,"minecraft:obsidian":16,"minecraft:blackstone_stairs":29,"minecraft:cobblestone":382,"minecraft:birch_log":16,"minecraft:enchanting_table":1,"minecraft:magma_block":28,"minecraft:cooked_beef":3,"minecraft:feather":23,"minecraft:magma_cream":91,"mythicmetals:prometheum_pickaxe":1,"minecraft:iron_door":9,"minecraft:andesite":45,"minecraft:golden_leggings":1,"minecraft:potato":1,"minecraft:flint":18,"minecraft:tuff":44,"betternether:wart_seed":4,"weaponworks:stone_scythe":1,"minecraft:wither_skeleton_skull":3,"betternether:magma_flower":59,"mythicmetals:raw_platinum":52,"minecraft:lapis_lazuli":48,"minecraft:dirt":68,"hybrid-aquatic:glowstick":1,"betternether:nether_ruby_helmet":2,"minecraft:glass":33,"minecraft:bone":150,"betternether:geyser":7,"minecraft:bow":6,"betternether:willow_roof":1,"minecraft:wheat_seeds":3,"minecraft:raw_gold":91,"hybrid-aquatic:coconut_crab_claw":2,"mythicmetals:raw_silver":10,"minecraft:glowstone_dust":2,"minecraft:moss_block":18,"minecraft:oak_planks":138,"betternether:weeping_obsidian":3,"minecraft:sand":254,"mythicmetals:raw_quadrillum":11,"mythicmetals:osmium_chestplate":1,"minecraft:fermented_spider_eye":4,"minecraft:bundle":3,"minecraft:diamond":72,"minecraft:spruce_boat":4,"betternether:cincinnasite_lantern":1,"minecraft:soul_lantern":5,"waystones:waystone":1,"betternether:cincinnasite_pillar":1,"minecraft:crossbow":2,"minecraft:golden_apple":1,"alloy_forgery:polished_blackstone_forge_controller":1,"soulsweapons:verglas":10,"minecraft:emerald":15,"minecraft:netherrack":112,"minecraft:charcoal":56,"minecraft:coarse_dirt":1,"minecraft:crafting_table":7,"travelersbackpack:hay":2,"minecraft:nether_wart":11,"minecraft:chicken":17,"minecraft:clay_ball":1,"betternether:blue_crying_obsidian":3,"minecraft:brown_mushroom":1,"minecraft:wooden_pickaxe":1,"minecraft:gold_block":12,"mythicmetals:raw_prometheum":10,"betternether:blue_weeping_obsidian":3,"minecraft:chain":1,"minecraft:brick":4,"morebowsandarrows:iron_bow":1,"minecraft:cornflower":6,"minecraft:moss_carpet":12,"minecraft:iron_axe":1,"hybrid-aquatic:diving_suit":2,"minecraft:flint_and_steel":2,"minecraft:netherite_scrap":1,"minecraft:blue_orchid":10,"minecraft:blackstone":59,"hybrid-aquatic:glow_slime":2,"mythicmetals:raw_adamantite":14,"travelersbackpack:horse":1,"minecraft:candle":4,"minecraft:beef":36,"minecraft:oak_boat":6,"minecraft:light_gray_wool":2,"mythicmetals:raw_mythril":6,"minecraft:chest":4,"minecraft:birch_sapling":1,"minecraft:egg":3,"minecraft:phantom_membrane":1,"mythicmetals:raw_orichalcum":13,"minecraft:sandstone":212,"mythicmetals:platinum_ingot":2,"minecraft:raw_iron":171,"betternether:nether_brick_wall":24,"minecraft:stone":124,"minecraft:copper_ingot":121,"betternether:wall_mushroom_red":1,"minecraft:bowl":2,"hybrid-aquatic:diving_helmet":1,"mythicmetals:raw_tin":37,"minecraft:carrot":6,"betternether:nether_ruby":10,"minecraft:redstone":690,"mythicmetals:raw_runite":9,"minecraft:tnt":1,"betternether:wart_planks":1,"minecraft:diamond_chestplate":1,"betternether:cincinnasite_stairs":5,"minecraft:arrow":88,"minecraft:stone_shovel":1,"minecraft:decorated_pot":8,"minecraft:nether_bricks":55,"minecraft:diamond_boots":1,"mythicmetals:osmium_leggings":1,"minecraft:hay_block":11,"minecraft:gold_ingot":42,"minecraft:polished_blackstone":26,"minecraft:glow_berries":30,"betternether:cincinnasite_fire_bowl":7,"minecraft:mutton":49,"minecraft:rail":35,"minecraft:white_wool":35,"minecraft:bone_block":3,"minecraft:crimson_slab":4,"betternether:obsidian_glass":6,"minecraft:salmon":17,"mythicmetals:raw_banglum":27,"minecraft:leather":27,"minecraft:red_glazed_terracotta":8,"minecraft:birch_planks":32,"minecraft:oak_log":51,"minecraft:lily_pad":1,"hybrid-aquatic:diving_boots":2,"betternether:blue_obsidian_glass":1,"weaponworks:diamond_scythe":1,"minecraft:golden_boots":1,"mythicmetals:tin_ingot":33,"minecraft:gunpowder":30,"hybrid-aquatic:dungeness_crab_claw":2,"minecraft:wooden_hoe":2,"minecraft:white_banner":3,"minecraft:cooked_mutton":3,"hybrid-aquatic:fiddler_crab_claw":3,"minecraft:spore_blossom":2,"betterfurnacesreforged:diamond_furnace":2,"minecraft:spruce_wood":1,"minecraft:iron_ingot":2,"minecraft:stone_pickaxe":1,"minecraft:glass_bottle":2,"minecraft:flowering_azalea":6,"minecraft:soul_sand":9,"minecraft:mangrove_planks":128,"minecraft:iron_sword":2,"minecraft:sculk_catalyst":5,"betternether:flaming_ruby_upgrade_smithing_template":3,"betternether:black_bush":11,"minecraft:pumpkin":2,"minecraft:sweet_berries":45,"hybrid-aquatic:opah":1,"betternether:stalagnate_ladder":13,"hybrid-aquatic:raw_crayfish":1,"minecraft:quartz":26,"minecraft:cracked_nether_bricks":4,"betternether:bone_tile":2,"minecraft:gravel":73,"mythicmetals:banglum_pickaxe":1,"minecraft:blast_furnace":1,"minecraft:spruce_sapling":21,"minecraft:spruce_log":82,"betternether:cincinnasite_forged":3,"minecraft:spider_eye":6,"minecraft:spruce_door":2,"minecraft:leather_helmet":3,"travelersbackpack:standard":1,"minecraft:coal_ore":1,"minecraft:slime_ball":10,"betternether:cincinnasite_forge":4,"betternether:stalagnate_planks":6,"minecraft:painting":18,"minecraft:black_wool":5,"minecraft:netherite_hoe":1,"minecraft:coal":414,"minecraft:ender_pearl":178},"minecraft:used":{"hybrid-aquatic:diving_boots":1,"minecraft:red_sand":5,"weaponworks:diamond_scythe":906,"betternether:stalagnate_ladder":12,"minecraft:polished_blackstone":33,"minecraft:chest":15,"soulsweapons:silver_sword":23,"minecraft:shield":6,"minecraft:nether_wart":7,"minecraft:stone":4,"minecraft:iron_sword":178,"minecraft:rotten_flesh":38,"weaponworks:stone_scythe":182,"minecraft:nether_bricks":10,"hybrid-aquatic:glowstick":2,"betternether:flaming_ruby_sword":152,"minecraft:obsidian":10,"minecraft:spruce_boat":5,"minecraft:mangrove_stairs":4,"betternether:stalagnate_roof":3,"minecraft:netherite_hoe":2,"minecraft:bow":3,"minecraft:sweet_berries":10,"minecraft:mangrove_roots":15,"minecraft:cooked_cod":3,"minecraft:furnace":12,"alloy_forgery:polished_blackstone_forge_controller":2,"betternether:birch_chair":1,"morebowsandarrows:iron_bow":21,"minecraft:spruce_door":2,"minecraft:oak_planks":68,"minecraft:stone_pickaxe":201,"betternether:blue_obsidian_glass":1,"minecraft:blackstone":24,"minecraft:ender_pearl":3,"minecraft:wooden_pickaxe":10,"hybrid-aquatic:cooked_crab":6,"minecraft:glow_berries":36,"soulsweapons:bluemoon_greatsword":83,"mythicmetals:prometheum_pickaxe":205,"minecraft:crossbow":7,"waystones:waystone":1,"betternether:nether_brick_tile_large":20,"betterfurnacesreforged:platinum_upgrade":1,"minecraft:bread":29,"betternether:wart_seed":3,"hybrid-aquatic:fishing_net":2,"minecraft:smithing_table":1,"betternether:weeping_obsidian":3,"minecraft:andesite":25,"minecraft:oak_boat":8,"minecraft:azalea":4,"minecraft:flint_and_steel":10,"minecraft:stone_shovel":105,"betternether:stalagnate_planks":6,"minecraft:spruce_planks":186,"minecraft:wooden_shovel":25,"minecraft:cooked_salmon":21,"minecraft:cooked_chicken":20,"minecraft:netherrack":95,"minecraft:anvil":1,"weaponworks:diamond_katana":1,"minecraft:torch":174,"minecraft:wooden_axe":2,"hybrid-aquatic:diving_helmet":1,"minecraft:iron_axe":25,"betterfurnacesreforged:diamond_furnace":7,"betternether:cincinnasite_lantern":1,"mythicmetals:prometheum_axe":11,"minecraft:cooked_beef":28,"minecraft:cobbled_deepslate":142,"minecraft:mangrove_boat":1,"minecraft:cooked_mutton":25,"minecraft:water_bucket":82,"minecraft:iron_ore":8,"weaponworks:stone_greatsword":15,"soulsweapons:moonstone_pickaxe":61,"minecraft:red_glazed_terracotta":5,"betternether:blue_obsidian":7,"minecraft:tnt":2,"minecraft:crafting_table":15,"minecraft:white_bed":1,"minecraft:painting":20,"mythicmetals:banglum_pickaxe":108,"minecraft:diamond_pickaxe":439,"soulsweapons:holy_greatsword":104,"minecraft:wooden_hoe":2,"mythicmetals:prometheum_shovel":199,"minecraft:iron_pickaxe":874,"minecraft:spruce_pressure_plate":2,"betternether:farmland":10,"betternether:cincinnasite_forge":2,"minecraft:stone_axe":42,"minecraft:cobblestone":186,"minecraft:white_banner":1,"minecraft:cooked_porkchop":21,"minecraft:bucket":100,"minecraft:candle":4},"minecraft:crafted":{"minecraft:oak_planks":72,"minecraft:smooth_stone":0,"travelersbackpack:crafting_upgrade":1,"betternether:flaming_ruby_helmet":2,"minecraft:cooked_chicken":20,"mythicmetals:banglum_pickaxe":1,"mythicmetals:prometheum_ingot":0,"weaponworks:stone_greatsword":1,"minecraft:birch_slab":6,"minecraft:mangrove_boat":1,"hybrid-aquatic:diving_leggings":1,"minecraft:diamond_shovel":1,"travelersbackpack:diamond":1,"hybrid-aquatic:cooked_crayfish":0,"minecraft:spruce_pressure_plate":4,"minecraft:cooked_mutton":12,"minecraft:iron_bars":32,"minecraft:glass":24,"hybrid-aquatic:diving_boots":3,"minecraft:bow":1,"mythicmetals:hallowed_pickaxe":1,"minecraft:mangrove_stairs":4,"minecraft:polished_blackstone":16,"minecraft:chest":14,"mythicmetals:tin_ingot":13,"soulsweapons:bluemoon_greatsword":1,"minecraft:wooden_shovel":1,"minecraft:cooked_porkchop":13,"betterfurnacesreforged:iron_furnace":5,"minecraft:crafting_table":9,"minecraft:spruce_planks":220,"weaponworks:diamond_scythe":1,"minecraft:wooden_pickaxe":1,"travelersbackpack:standard":2,"minecraft:spruce_door":6,"minecraft:smithing_table":1,"minecraft:copper_ingot":115,"minecraft:birch_planks":64,"morebowsandarrows:tnt_arrow":3,"minecraft:tnt":4,"minecraft:wooden_hoe":1,"minecraft:charcoal":24,"minecraft:diamond_pickaxe":1,"betterfurnacesreforged:iron_conductor_block":5,"minecraft:shield":1,"minecraft:stick":132,"betterfurnacesreforged:gold_conductor_block":5,"minecraft:light_blue_dye":10,"minecraft:iron_ingot":106,"minecraft:iron_pickaxe":4,"minecraft:iron_block":4,"mythicmetals:prometheum_pickaxe":2,"minecraft:gold_ingot":19,"betternether:nether_ruby_chestplate":1,"mythicmetals:prometheum_shovel":1,"hybrid-aquatic:cooked_crab":0,"hybrid-aquatic:glowstick":1,"minecraft:stone_shovel":1,"betternether:flaming_ruby_chestplate":2,"morebowsandarrows:iron_bow":1,"minecraft:furnace":4,"minecraft:blast_furnace":1,"weaponworks:stone_hammer":1,"hybrid-aquatic:diving_suit":1,"soulsweapons:holy_greatsword":1,"betternether:flaming_ruby_leggings":2,"betternether:nether_ruby_leggings":2,"hybrid-aquatic:fishing_net":1,"minecraft:white_carpet":6,"travelersbackpack:blank_upgrade":4,"minecraft:glass_pane":16,"minecraft:flint_and_steel":1,"travelersbackpack:magma_cube":2,"betterfurnacesreforged:platinum_upgrade":1,"minecraft:iron_axe":1,"betterfurnacesreforged:diamond_furnace":5,"handcrafted:white_sheet":8,"hybrid-aquatic:raw_crab":7,"minecraft:stone_pickaxe":6,"mythicmetals:copper_helmet":1,"soulsweapons:moonstone_pickaxe":1,"betterfurnacesreforged:gold_furnace":5,"mythicmetals:copper_leggings":1,"minecraft:spruce_boat":3,"weaponworks:stone_scythe":2,"mythicmetals:prometheum_axe":1,"mythicmetals:copper_chestplate":1,"minecraft:wheat":99,"minecraft:cooked_beef":35,"minecraft:red_dye":2,"mythicmetals:orichalcum_pickaxe":2,"weaponworks:diamond_katana":1,"travelersbackpack:backpack_tank":6,"minecraft:iron_sword":1,"minecraft:light_blue_wool":2,"minecraft:cooked_salmon":0,"minecraft:bucket":5,"minecraft:mangrove_planks":116,"travelersbackpack:black_sleeping_bag":1,"minecraft:stone_axe":3,"minecraft:air":0,"betternether:birch_chair":1,"minecraft:bread":33,"minecraft:blue_dye":6,"betternether:nether_ruby_boots":1,"minecraft:oak_boat":3,"minecraft:white_wool":4,"alloy_forgery:polished_blackstone_forge_controller":1,"minecraft:wooden_axe":1,"hybrid-aquatic:diving_helmet":6,"minecraft:anvil":1,"minecraft:white_bed":1,"minecraft:torch":184,"travelersbackpack:light_blue_sleeping_bag":1,"minecraft:diamond_chestplate":1},"minecraft:mined":{"minecraft:red_nether_brick_slab":1,"betternether:netherrack_furnace":2,"minecraft:spruce_planks":8,"minecraft:blackstone_stairs":33,"minecraft:red_nether_bricks":3,"mythicmetals:deepslate_morkite_ore":60,"minecraft:brewing_stand":2,"minecraft:obsidian":16,"minecraft:red_sand":33,"minecraft:grass_block":1,"betternether:willow_roof":1,"mythicmetals:deepslate_adamantite_ore":7,"betternether:stalagnate_planks":6,"betternether:nether_brick_wall":21,"minecraft:spawner":4,"minecraft:nether_wart":4,"mythicmetals:deepslate_orichalcum_ore":13,"minecraft:magma_block":38,"minecraft:red_nether_brick_stairs":1,"minecraft:iron_ore":12,"minecraft:fire":48,"minecraft:cobbled_deepslate":17,"minecraft:pumpkin":2,"minecraft:anvil":1,"minecraft:deepslate_lapis_ore":2,"minecraft:enchanting_table":1,"betternether:wart_seed":1,"minecraft:blue_orchid":10,"betternether:black_vine":1,"minecraft:deepslate_redstone_ore":49,"minecraft:polished_blackstone_wall":2,"minecraft:blackstone":62,"soulsweapons:verglas_ore_deepslate":6,"minecraft:soul_lantern":5,"minecraft:torch":15,"betternether:blue_obsidian_glass":1,"mythicmetals:deepslate_carmot_ore":6,"minecraft:chest":1,"mythicmetals:deepslate_prometheum_ore":7,"betternether:cincinnasite_forged":2,"minecraft:nether_quartz_ore":1,"minecraft:cobblestone":5,"minecraft:oak_planks":4,"betternether:magma_flower":28,"minecraft:iron_door":9,"betternether:farmland":10,"minecraft:wall_torch":4,"betternether:obsidian_glass":6,"mythicmetals:manganese_ore":18,"minecraft:dirt":19,"minecraft:sand":186,"mythicmetals:morkite_ore":1,"minecraft:mangrove_log":4,"minecraft:netherrack":128,"minecraft:deepslate":275,"soulsweapons:verglas_ore":4,"minecraft:nether_gold_ore":2,"betternether:cincinnasite_forge":4,"minecraft:tuff":53,"minecraft:deepslate_diamond_ore":24,"minecraft:candle":1,"betternether:stalagnate_ladder":14,"mythicmetals:osmium_ore":2,"minecraft:mangrove_roots":18,"minecraft:glow_lichen":1,"minecraft:nether_bricks":59,"mythicmetals:silver_ore":6,"minecraft:decorated_pot":11,"betterfurnacesreforged:diamond_furnace":3,"betternether:stalagnate_roof":5,"betternether:black_bush":4,"minecraft:spruce_leaves":2,"minecraft:moss_block":3,"minecraft:sandstone":170,"minecraft:cracked_nether_bricks":4,"minecraft:hay_block":11,"minecraft:large_fern":2,"minecraft:spore_blossom":2,"minecraft:redstone_ore":1,"mythicmetals:quadrillum_ore":8,"minecraft:spruce_sapling":1,"minecraft:furnace":14,"minecraft:andesite":44,"mythicmetals:deepslate_mythril_ore":3,"mythicmetals:tin_ore":13,"soulsweapons:moonstone_ore_deepslate":14,"minecraft:shroomlight":2,"minecraft:deepslate_iron_ore":33,"alloy_forgery:polished_blackstone_forge_controller":1,"betternether:nether_brick_tile_large":22,"minecraft:nether_brick_fence":2,"minecraft:vine":1,"hybrid-aquatic:glowstick":1,"minecraft:rail":32,"minecraft:packed_ice":18,"minecraft:stone":330,"minecraft:bone_block":6,"mythicmetals:platinum_ore":17,"minecraft:redstone_block":1,"minecraft:soul_sand":9,"betternether:cincinnasite_lantern":1,"betternether:cincinnasite_stairs":5,"betternether:blue_weeping_obsidian":1,"betternether:willow_fence":3,"minecraft:crafting_table":7,"minecraft:cornflower":6,"betternether:bone_wall":3,"minecraft:short_grass":10,"minecraft:emerald_ore":1,"betternether:wart_planks":1,"minecraft:crimson_slab":2,"minecraft:rose_bush":6,"minecraft:copper_ore":11,"minecraft:tall_grass":4,"minecraft:red_glazed_terracotta":9,"minecraft:deepslate_gold_ore":23,"minecraft:lily_pad":1,"mythicmetals:deepslate_runite_ore":7,"minecraft:polished_blackstone_stairs":4,"minecraft:polished_blackstone_slab":8,"minecraft:spruce_log":1,"betternether:blue_obsidian":7,"betternether:cincinnasite_lantern_small":1,"betternether:bone_tile":2,"minecraft:coal_ore":21,"minecraft:gravel":95,"minecraft:cobweb":50,"minecraft:polished_blackstone":31,"mythicmetals:banglum_ore":18,"minecraft:gold_ore":1,"minecraft:crimson_fence":2,"betternether:cincinnasite_pillar":1},"minecraft:killed_by":{"hybrid-aquatic:great_white_shark":1,"minecraft:wither_skeleton":4,"minecraft:piglin":3,"minecraft:zombie":1,"soulsweapons:accursed_lord_boss":1,"minecraft:skeleton":5},"minecraft:broken":{"minecraft:iron_pickaxe":2},"minecraft:killed":{"hybrid-aquatic:fiddler_crab":2,"minecraft:cave_spider":1,"minecraft:spider":24,"betternether:firefly":1,"minecraft:skeleton":69,"minecraft:chicken":17,"hybrid-aquatic:hermit_crab":1,"hybrid-aquatic:rockfish":1,"hybrid-aquatic:crayfish":1,"minecraft:magma_cube":21,"minecraft:piglin":5,"minecraft:pig":25,"minecraft:zombie_villager":1,"minecraft:salmon":18,"minecraft:creeper":32,"minecraft:sheep":25,"minecraft:trader_llama":2,"minecraft:pillager":2,"hybrid-aquatic:dungeness_crab":1,"minecraft:zombie":141,"minecraft:stray":1,"hybrid-aquatic:vampire_squid":1,"minecraft:blaze":5,"minecraft:cow":18,"minecraft:phantom":4,"minecraft:drowned":10,"hybrid-aquatic:dragonfish":1,"hybrid-aquatic:ratfish":1,"minecraft:bat":1,"minecraft:wandering_trader":1,"minecraft:frog":1,"hybrid-aquatic:ghost_crab":2,"minecraft:wither_skeleton":100,"minecraft:player":4,"minecraft:enderman":3},"minecraft:custom":{"minecraft:animals_bred":2,"minecraft:interact_with_crafting_table":156,"minecraft:open_barrel":52,"minecraft:bell_ring":1,"minecraft:leave_game":6,"minecraft:time_since_death":288284,"minecraft:sprint_one_cm":880355,"minecraft:damage_blocked_by_shield":261,"minecraft:drop":191,"minecraft:talked_to_villager":1,"minecraft:play_time":714807,"minecraft:deaths":17,"minecraft:jump":8943,"minecraft:walk_on_water_one_cm":110922,"minecraft:enchant_item":11,"minecraft:interact_with_furnace":197,"minecraft:sleep_in_bed":5,"minecraft:waystone_activated":2,"minecraft:damage_dealt":89929,"minecraft:player_kills":4,"minecraft:crouch_one_cm":47409,"minecraft:interact_with_smoker":4,"minecraft:interact_with_smithing_table":20,"minecraft:interact_with_anvil":3,"minecraft:mob_kills":564,"minecraft:climb_one_cm":25041,"minecraft:walk_one_cm":1801872,"minecraft:sneak_time":22061,"minecraft:walk_under_water_one_cm":113372,"minecraft:boat_one_cm":116570,"minecraft:total_world_time":714807,"minecraft:raid_trigger":1,"minecraft:time_since_rest":49482,"minecraft:damage_taken":15529,"minecraft:swim_one_cm":378750,"minecraft:fly_one_cm":1276836,"minecraft:open_chest":468,"minecraft:fall_one_cm":211379}},"DataVersion":3700}