{"stats":{"minecraft:mined":{"minecraft:large_amethyst_bud":1,"minecraft:spruce_planks":1,"minecraft:spruce_leaves":1,"minecraft:hay_block":12,"minecraft:furnace":1,"minecraft:carrots":3,"minecraft:iron_ore":5,"mythicmetals:tin_ore":4,"minecraft:potatoes":4,"minecraft:flowering_azalea_leaves":2,"minecraft:azalea_leaves":7,"minecraft:bamboo":2,"minecraft:blue_orchid":1,"minecraft:stone":12,"minecraft:brown_carpet":2,"minecraft:clay":2,"minecraft:crafting_table":3,"minecraft:cornflower":15,"minecraft:torch":2,"minecraft:short_grass":2,"minecraft:tall_grass":1,"minecraft:cobblestone":3,"travelersbackpack:diamond":3,"minecraft:white_terracotta":1,"minecraft:purple_bed":2,"minecraft:wheat":12,"minecraft:spruce_log":5,"minecraft:birch_leaves":3,"minecraft:oak_log":41,"minecraft:coal_ore":14,"minecraft:gravel":120,"minecraft:dirt":11,"minecraft:stone_bricks":6,"minecraft:mossy_stone_bricks":1,"mythicmetals:banglum_ore":1,"minecraft:oak_leaves":3,"minecraft:fern":3},"minecraft:dropped":{"minecraft:water_bucket":2,"minecraft:wheat_seeds":11,"soulsweapons:bluemoon_greatsword":1,"minecraft:feather":5,"minecraft:warped_roots":1,"minecraft:cornflower":1,"minecraft:wooden_axe":1,"minecraft:wooden_sword":1,"mythicmetals:raw_banglum":3,"minecraft:flowering_azalea":1,"minecraft:iron_shovel":1,"minecraft:pink_petals":2,"minecraft:string":1,"minecraft:white_wool":1,"minecraft:bone":1,"minecraft:cherry_sapling":1,"minecraft:rotten_flesh":9,"minecraft:clay_ball":8,"minecraft:white_terracotta":2,"minecraft:hay_block":1,"travelersbackpack:iron_golem":1,"minecraft:mossy_stone_bricks":2,"mythicmetals:copper_chestplate":1,"minecraft:spider_eye":1,"minecraft:bow":1,"minecraft:egg":1},"minecraft:picked_up":{"minecraft:wooden_axe":1,"minecraft:crafting_table":6,"minecraft:iron_chestplate":1,"minecraft:chicken":6,"minecraft:clay_ball":8,"minecraft:shield":1,"minecraft:cornflower":20,"minecraft:string":2,"travelersbackpack:diamond":4,"minecraft:wooden_sword":2,"minecraft:iron_leggings":1,"minecraft:iron_shovel":2,"minecraft:blue_orchid":3,"minecraft:beef":3,"minecraft:oak_boat":4,"minecraft:azalea":2,"minecraft:sugar_cane":16,"minecraft:furnace":1,"minecraft:iron_boots":2,"minecraft:egg":1,"minecraft:stick":15,"minecraft:raw_iron":29,"minecraft:torch":112,"minecraft:acacia_log":2,"minecraft:porkchop":2,"mythicmetals:raw_tin":6,"minecraft:carrot":4,"minecraft:brown_carpet":2,"minecraft:arrow":21,"minecraft:rotten_flesh":14,"minecraft:hay_block":49,"soulsweapons:bluemoon_greatsword":3,"minecraft:white_terracotta":2,"minecraft:mutton":6,"mythicmetals:copper_chestplate":2,"minecraft:white_wool":9,"minecraft:cobblestone":24,"minecraft:pink_petals":2,"travelersbackpack:iron_golem":1,"minecraft:feather":5,"minecraft:cooked_beef":7,"mythicmetals:prometheum_pickaxe":2,"minecraft:water_bucket":3,"mythicmetals:raw_banglum":5,"minecraft:leather":6,"minecraft:potato":4,"minecraft:flint":9,"minecraft:oak_log":61,"minecraft:dirt":34,"minecraft:white_banner":2,"minecraft:cooked_mutton":16,"minecraft:bone":4,"minecraft:apple":1,"minecraft:stone_bricks":6,"minecraft:bow":2,"minecraft:wheat_seeds":11,"minecraft:pufferfish_bucket":1,"minecraft:iron_ingot":10,"minecraft:mossy_stone_bricks":2,"minecraft:bamboo":19,"minecraft:oak_planks":79,"minecraft:flowering_azalea":3,"minecraft:cooked_porkchop":23,"minecraft:gravel":64,"minecraft:stripped_spruce_log":2,"minecraft:spruce_log":5,"minecraft:spider_eye":2,"minecraft:purple_bed":3,"minecraft:slime_ball":18,"mythicmetals:copper_helmet":1,"minecraft:iron_helmet":1,"mythicmetals:copper_leggings":1,"minecraft:cherry_sapling":1,"minecraft:emerald":12,"minecraft:bread":8,"minecraft:warped_roots":1,"minecraft:black_wool":1,"minecraft:coal":172,"minecraft:ender_pearl":1},"minecraft:used":{"minecraft:azalea":2,"minecraft:iron_shovel":131,"minecraft:shield":1,"travelersbackpack:diamond":3,"minecraft:rotten_flesh":4,"minecraft:iron_chestplate":1,"minecraft:torch":84,"minecraft:dirt":18,"minecraft:mutton":2,"minecraft:carrot":1,"mythicmetals:copper_helmet":1,"minecraft:wooden_axe":54,"minecraft:flowering_azalea":2,"mythicmetals:copper_chestplate":1,"minecraft:iron_boots":1,"minecraft:stone_bricks":6,"minecraft:brown_carpet":2,"minecraft:bow":1,"minecraft:beef":3,"minecraft:cooked_beef":7,"minecraft:cooked_mutton":10,"minecraft:water_bucket":7,"minecraft:ender_pearl":1,"mythicmetals:copper_leggings":1,"soulsweapons:bluemoon_greatsword":124,"mythicmetals:prometheum_pickaxe":57,"minecraft:crafting_table":4,"minecraft:cobblestone":9,"minecraft:purple_bed":1,"minecraft:porkchop":2,"minecraft:cooked_porkchop":12,"minecraft:bucket":8,"minecraft:oak_boat":3},"minecraft:custom":{"minecraft:mob_kills":48,"minecraft:interact_with_crafting_table":13,"minecraft:open_barrel":9,"minecraft:bell_ring":8,"minecraft:leave_game":3,"minecraft:time_since_death":28221,"minecraft:sprint_one_cm":186327,"minecraft:walk_one_cm":330651,"minecraft:damage_blocked_by_shield":208,"minecraft:drop":37,"minecraft:play_time":127614,"minecraft:sneak_time":2318,"minecraft:deaths":5,"minecraft:walk_under_water_one_cm":40444,"minecraft:boat_one_cm":411000,"minecraft:jump":2128,"minecraft:walk_on_water_one_cm":20485,"minecraft:total_world_time":127614,"minecraft:interact_with_furnace":12,"minecraft:sleep_in_bed":2,"minecraft:time_since_rest":28283,"minecraft:damage_taken":4055,"minecraft:damage_dealt":7400,"minecraft:swim_one_cm":106647,"minecraft:fly_one_cm":342918,"minecraft:player_kills":1,"minecraft:open_chest":41,"minecraft:crouch_one_cm":1648,"minecraft:fall_one_cm":61690,"minecraft:horse_one_cm":6350},"minecraft:killed_by":{"minecraft:creeper":3,"minecraft:enderman":1,"minecraft:zombie":1},"minecraft:killed":{"minecraft:spider":1,"minecraft:vindicator":1,"minecraft:skeleton":5,"minecraft:chicken":3,"minecraft:drowned":2,"minecraft:pig":3,"minecraft:sheep":11,"minecraft:pillager":2,"minecraft:zombie":12,"friendsandfoes:moobloom":1,"minecraft:player":1,"minecraft:enderman":1,"minecraft:cow":4},"minecraft:crafted":{"minecraft:oak_planks":84,"minecraft:iron_boots":1,"minecraft:crafting_table":1,"minecraft:spruce_planks":20,"minecraft:iron_helmet":1,"minecraft:bucket":1,"minecraft:air":0,"minecraft:oak_boat":1,"minecraft:iron_chestplate":1,"minecraft:shield":1,"minecraft:stick":4,"minecraft:iron_ingot":29,"minecraft:wooden_axe":1,"minecraft:iron_shovel":1,"minecraft:iron_leggings":1,"minecraft:torch":36}},"DataVersion":3700}